Country,Totals,Year,TIV
Albania,0,2011,0
Algeria,12,1968,6
Algeria,12,1980,6
Algeria,12,2016,0
Angola,13,1979,3
Angola,13,1980,0
Angola,13,1992,8
Angola,13,2002,2
Argentina,112,1962,6
Argentina,112,1964,4
Argentina,112,1967,0
Argentina,112,1968,8
Argentina,112,1970,0
Argentina,112,1972,11
Argentina,112,1976,1
Argentina,112,1979,8
Argentina,112,1980,1
Argentina,112,1981,27
Argentina,112,1982,3
Argentina,112,1983,1
Argentina,112,1987,4
Argentina,112,1988,1
Argentina,112,1990,6
Argentina,112,1991,0
Argentina,112,1993,13
Argentina,112,1994,5
Argentina,112,1995,5
Argentina,112,2000,2
Argentina,112,2002,2
Argentina,112,2006,2
Argentina,112,2011,1
Armenia,4,2006,4
Aruba,18,1996,18
Australia,3395,1952,36
Australia,3395,1955,125
Australia,3395,1961,2
Australia,3395,1962,4
Australia,3395,1969,26
Australia,3395,1970,17
Australia,3395,1971,36
Australia,3395,1972,6
Australia,3395,1973,72
Australia,3395,1974,92
Australia,3395,1975,131
Australia,3395,1976,113
Australia,3395,1977,62
Australia,3395,1978,21
Australia,3395,1979,22
Australia,3395,1980,15
Australia,3395,1981,15
Australia,3395,1982,24
Australia,3395,1983,31
Australia,3395,1984,62
Australia,3395,1985,10
Australia,3395,1986,57
Australia,3395,1987,89
Australia,3395,1988,18
Australia,3395,1989,18
Australia,3395,1990,168
Australia,3395,1991,90
Australia,3395,1993,30
Australia,3395,1994,36
Australia,3395,1995,36
Australia,3395,1996,16
Australia,3395,1997,20
Australia,3395,1998,4
Australia,3395,2001,43
Australia,3395,2002,47
Australia,3395,2003,44
Australia,3395,2004,2
Australia,3395,2005,49
Australia,3395,2006,23
Australia,3395,2007,52
Australia,3395,2008,51
Australia,3395,2009,80
Australia,3395,2010,115
Australia,3395,2011,143
Australia,3395,2012,45
Australia,3395,2013,54
Australia,3395,2014,97
Australia,3395,2015,87
Australia,3395,2016,134
Australia,3395,2017,98
Australia,3395,2018,38
Australia,3395,2019,104
Australia,3395,2020,413
Australia,3395,2021,173
Austria,1598,1964,0
Austria,1598,1965,0
Austria,1598,1966,1
Austria,1598,1967,1
Austria,1598,1968,1
Austria,1598,1969,1
Austria,1598,1970,1
Austria,1598,1971,1
Austria,1598,1972,1
Austria,1598,1973,1
Austria,1598,1974,0
Austria,1598,1975,0
Austria,1598,1978,37
Austria,1598,1979,126
Austria,1598,1980,54
Austria,1598,1981,70
Austria,1598,1982,60
Austria,1598,1983,56
Austria,1598,1984,58
Austria,1598,1985,248
Austria,1598,1986,40
Austria,1598,1987,30
Austria,1598,1988,12
Austria,1598,1989,12
Austria,1598,1990,30
Austria,1598,1991,20
Austria,1598,1992,20
Austria,1598,1993,10
Austria,1598,1994,17
Austria,1598,1996,18
Austria,1598,1997,1
Austria,1598,1998,29
Austria,1598,1999,23
Austria,1598,2000,24
Austria,1598,2001,17
Austria,1598,2002,83
Austria,1598,2003,3
Austria,1598,2004,3
Austria,1598,2005,4
Austria,1598,2006,63
Austria,1598,2007,101
Austria,1598,2008,16
Austria,1598,2009,46
Austria,1598,2010,54
Austria,1598,2011,56
Austria,1598,2012,25
Austria,1598,2013,30
Austria,1598,2014,16
Austria,1598,2015,10
Austria,1598,2016,17
Austria,1598,2017,22
Austria,1598,2018,7
Austria,1598,2019,3
Austria,1598,2020,9
Austria,1598,2021,16
Bahamas,0,2015,0
Bahrain,2,2001,2
Bangladesh,2,1984,2
Belarus,3365,1993,8
Belarus,3365,1995,7
Belarus,3365,1996,129
Belarus,3365,1997,398
Belarus,3365,1998,63
Belarus,3365,1999,452
Belarus,3365,2000,293
Belarus,3365,2001,49
Belarus,3365,2002,63
Belarus,3365,2003,57
Belarus,3365,2004,19
Belarus,3365,2005,53
Belarus,3365,2006,43
Belarus,3365,2007,6
Belarus,3365,2008,224
Belarus,3365,2009,41
Belarus,3365,2010,159
Belarus,3365,2011,96
Belarus,3365,2012,97
Belarus,3365,2013,269
Belarus,3365,2014,101
Belarus,3365,2015,142
Belarus,3365,2016,152
Belarus,3365,2017,50
Belarus,3365,2018,79
Belarus,3365,2019,159
Belarus,3365,2020,59
Belarus,3365,2021,98
Belgium,2088,1956,29
Belgium,2088,1960,3
Belgium,2088,1961,0
Belgium,2088,1962,2
Belgium,2088,1963,0
Belgium,2088,1964,0
Belgium,2088,1966,12
Belgium,2088,1969,5
Belgium,2088,1971,0
Belgium,2088,1978,2
Belgium,2088,1979,3
Belgium,2088,1980,1
Belgium,2088,1981,19
Belgium,2088,1982,41
Belgium,2088,1983,89
Belgium,2088,1984,115
Belgium,2088,1985,3
Belgium,2088,1986,19
Belgium,2088,1988,18
Belgium,2088,1989,36
Belgium,2088,1990,1
Belgium,2088,1991,1
Belgium,2088,1994,33
Belgium,2088,1995,158
Belgium,2088,1996,57
Belgium,2088,1997,93
Belgium,2088,1998,46
Belgium,2088,1999,45
Belgium,2088,2000,26
Belgium,2088,2001,37
Belgium,2088,2002,35
Belgium,2088,2003,15
Belgium,2088,2004,47
Belgium,2088,2005,159
Belgium,2088,2006,59
Belgium,2088,2007,19
Belgium,2088,2008,217
Belgium,2088,2009,243
Belgium,2088,2010,9
Belgium,2088,2011,116
Belgium,2088,2012,22
Belgium,2088,2013,55
Belgium,2088,2014,10
Belgium,2088,2015,12
Belgium,2088,2016,7
Belgium,2088,2017,17
Belgium,2088,2018,21
Belgium,2088,2019,57
Belgium,2088,2020,27
Belgium,2088,2021,48
Bosnia-Herzegovina,21,2002,4
Bosnia-Herzegovina,21,2011,14
Bosnia-Herzegovina,21,2013,3
Brazil,3912,1960,2
Brazil,3912,1961,12
Brazil,3912,1969,18
Brazil,3912,1971,0
Brazil,3912,1974,32
Brazil,3912,1975,58
Brazil,3912,1976,103
Brazil,3912,1977,144
Brazil,3912,1978,180
Brazil,3912,1979,71
Brazil,3912,1980,156
Brazil,3912,1981,64
Brazil,3912,1982,117
Brazil,3912,1983,196
Brazil,3912,1984,269
Brazil,3912,1985,206
Brazil,3912,1986,138
Brazil,3912,1987,215
Brazil,3912,1988,204
Brazil,3912,1989,53
Brazil,3912,1990,106
Brazil,3912,1991,127
Brazil,3912,1992,98
Brazil,3912,1993,40
Brazil,3912,1994,54
Brazil,3912,1995,38
Brazil,3912,1996,27
Brazil,3912,1997,27
Brazil,3912,1998,18
Brazil,3912,2002,19
Brazil,3912,2004,46
Brazil,3912,2005,1
Brazil,3912,2006,44
Brazil,3912,2007,53
Brazil,3912,2008,92
Brazil,3912,2009,43
Brazil,3912,2010,143
Brazil,3912,2011,31
Brazil,3912,2012,33
Brazil,3912,2013,31
Brazil,3912,2014,31
Brazil,3912,2015,52
Brazil,3912,2016,122
Brazil,3912,2017,37
Brazil,3912,2018,100
Brazil,3912,2019,10
Brazil,3912,2020,162
Brazil,3912,2021,88
Brunei,36,2011,24
Brunei,36,2016,12
Bulgaria,971,1983,4
Bulgaria,971,1986,106
Bulgaria,971,1989,5
Bulgaria,971,1990,6
Bulgaria,971,1991,42
Bulgaria,971,1992,16
Bulgaria,971,1993,28
Bulgaria,971,1994,55
Bulgaria,971,1995,1
Bulgaria,971,1996,21
Bulgaria,971,1997,6
Bulgaria,971,1998,39
Bulgaria,971,1999,167
Bulgaria,971,2000,2
Bulgaria,971,2001,10
Bulgaria,971,2002,37
Bulgaria,971,2003,44
Bulgaria,971,2004,19
Bulgaria,971,2005,86
Bulgaria,971,2006,5
Bulgaria,971,2007,9
Bulgaria,971,2008,4
Bulgaria,971,2009,16
Bulgaria,971,2010,4
Bulgaria,971,2011,2
Bulgaria,971,2012,13
Bulgaria,971,2013,21
Bulgaria,971,2014,14
Bulgaria,971,2015,70
Bulgaria,971,2016,61
Bulgaria,971,2017,31
Bulgaria,971,2018,14
Bulgaria,971,2019,10
Bulgaria,971,2020,3
Bulgaria,971,2021,3
Cambodia,2,1993,0
Cambodia,2,1994,0
Cambodia,2,1995,0
Cambodia,2,2000,1
Canada,13015,1950,38
Canada,13015,1951,55
Canada,13015,1952,268
Canada,13015,1953,76
Canada,13015,1954,210
Canada,13015,1955,190
Canada,13015,1956,294
Canada,13015,1957,336
Canada,13015,1958,544
Canada,13015,1959,119
Canada,13015,1960,67
Canada,13015,1961,300
Canada,13015,1962,188
Canada,13015,1963,213
Canada,13015,1964,253
Canada,13015,1965,111
Canada,13015,1966,92
Canada,13015,1967,58
Canada,13015,1968,193
Canada,13015,1969,163
Canada,13015,1970,194
Canada,13015,1971,291
Canada,13015,1972,324
Canada,13015,1973,125
Canada,13015,1974,119
Canada,13015,1975,129
Canada,13015,1976,309
Canada,13015,1977,160
Canada,13015,1978,187
Canada,13015,1979,186
Canada,13015,1980,153
Canada,13015,1981,124
Canada,13015,1982,253
Canada,13015,1983,112
Canada,13015,1984,96
Canada,13015,1985,94
Canada,13015,1986,251
Canada,13015,1987,265
Canada,13015,1988,142
Canada,13015,1989,43
Canada,13015,1990,92
Canada,13015,1991,110
Canada,13015,1992,140
Canada,13015,1993,145
Canada,13015,1994,165
Canada,13015,1995,259
Canada,13015,1996,155
Canada,13015,1997,93
Canada,13015,1998,38
Canada,13015,1999,77
Canada,13015,2000,71
Canada,13015,2001,121
Canada,13015,2002,175
Canada,13015,2003,278
Canada,13015,2004,277
Canada,13015,2005,235
Canada,13015,2006,235
Canada,13015,2007,332
Canada,13015,2008,236
Canada,13015,2009,183
Canada,13015,2010,237
Canada,13015,2011,317
Canada,13015,2012,266
Canada,13015,2013,183
Canada,13015,2014,189
Canada,13015,2015,337
Canada,13015,2016,110
Canada,13015,2017,70
Canada,13015,2018,115
Canada,13015,2019,223
Canada,13015,2020,109
Canada,13015,2021,119
Chad,20,1987,20
Chile,181,1975,0
Chile,181,1978,0
Chile,181,1980,0
Chile,181,1981,0
Chile,181,1983,1
Chile,181,1986,3
Chile,181,1987,3
Chile,181,1988,4
Chile,181,1989,4
Chile,181,1991,3
Chile,181,1992,8
Chile,181,1996,29
Chile,181,1998,2
Chile,181,1999,1
Chile,181,2000,1
Chile,181,2002,1
Chile,181,2008,100
Chile,181,2014,20
Chile,181,2018,0
China,58480,1954,3
China,58480,1956,39
China,58480,1957,30
China,58480,1958,463
China,58480,1959,361
China,58480,1960,285
China,58480,1961,35
China,58480,1962,47
China,58480,1963,12
China,58480,1964,68
China,58480,1965,387
China,58480,1966,619
China,58480,1967,412
China,58480,1968,730
China,58480,1969,657
China,58480,1970,893
China,58480,1971,1293
China,58480,1972,1238
China,58480,1973,662
China,58480,1974,511
China,58480,1975,668
China,58480,1976,586
China,58480,1977,230
China,58480,1978,617
China,58480,1979,560
China,58480,1980,949
China,58480,1981,656
China,58480,1982,1504
China,58480,1983,1757
China,58480,1984,1929
China,58480,1985,1290
China,58480,1986,1862
China,58480,1987,2605
China,58480,1988,1412
China,58480,1989,1041
China,58480,1990,941
China,58480,1991,1312
China,58480,1992,673
China,58480,1993,1407
China,58480,1994,1076
China,58480,1995,1008
China,58480,1996,766
China,58480,1997,427
China,58480,1998,350
China,58480,1999,329
China,58480,2000,310
China,58480,2001,513
China,58480,2002,526
China,58480,2003,701
China,58480,2004,410
China,58480,2005,284
China,58480,2006,663
China,58480,2007,508
China,58480,2008,607
China,58480,2009,1136
China,58480,2010,1475
China,58480,2011,1266
China,58480,2012,1517
China,58480,2013,2056
China,58480,2014,1302
China,58480,2015,1798
China,58480,2016,2438
China,58480,2017,1601
China,58480,2018,1306
China,58480,2019,1504
China,58480,2020,775
China,58480,2021,1085
Colombia,30,2002,5
Colombia,30,2012,0
Colombia,30,2017,10
Colombia,30,2019,10
Colombia,30,2020,4
Costa Rica,3,2008,0
Costa Rica,3,2009,3
Cote d'Ivoire,2,1971,1
Cote d'Ivoire,2,2018,1
Croatia,5,2000,2
Croatia,5,2017,3
Cuba,40,1957,2
Cuba,40,1958,6
Cuba,40,1975,1
Cuba,40,1978,12
Cuba,40,1979,10
Cuba,40,1980,8
Cyprus,36,1996,36
Czechia,2004,1993,199
Czechia,2004,1994,316
Czechia,2004,1995,143
Czechia,2004,1996,123
Czechia,2004,1997,24
Czechia,2004,1998,20
Czechia,2004,1999,57
Czechia,2004,2000,81
Czechia,2004,2001,88
Czechia,2004,2002,59
Czechia,2004,2003,64
Czechia,2004,2004,1
Czechia,2004,2005,69
Czechia,2004,2006,44
Czechia,2004,2007,32
Czechia,2004,2008,33
Czechia,2004,2009,23
Czechia,2004,2010,4
Czechia,2004,2011,10
Czechia,2004,2012,8
Czechia,2004,2013,40
Czechia,2004,2014,26
Czechia,2004,2015,150
Czechia,2004,2016,150
Czechia,2004,2017,88
Czechia,2004,2018,89
Czechia,2004,2019,31
Czechia,2004,2020,30
Czechia,2004,2021,1
Czechoslovakia,30985,1950,17
Czechoslovakia,30985,1951,15
Czechoslovakia,30985,1952,15
Czechoslovakia,30985,1953,9
Czechoslovakia,30985,1954,188
Czechoslovakia,30985,1955,1331
Czechoslovakia,30985,1956,1871
Czechoslovakia,30985,1957,2216
Czechoslovakia,30985,1958,1530
Czechoslovakia,30985,1959,940
Czechoslovakia,30985,1960,661
Czechoslovakia,30985,1961,200
Czechoslovakia,30985,1962,173
Czechoslovakia,30985,1963,137
Czechoslovakia,30985,1964,267
Czechoslovakia,30985,1965,325
Czechoslovakia,30985,1966,427
Czechoslovakia,30985,1967,449
Czechoslovakia,30985,1968,506
Czechoslovakia,30985,1969,667
Czechoslovakia,30985,1970,435
Czechoslovakia,30985,1971,420
Czechoslovakia,30985,1972,648
Czechoslovakia,30985,1973,667
Czechoslovakia,30985,1974,874
Czechoslovakia,30985,1975,712
Czechoslovakia,30985,1976,802
Czechoslovakia,30985,1977,817
Czechoslovakia,30985,1978,846
Czechoslovakia,30985,1979,817
Czechoslovakia,30985,1980,796
Czechoslovakia,30985,1981,937
Czechoslovakia,30985,1982,929
Czechoslovakia,30985,1983,1049
Czechoslovakia,30985,1984,1093
Czechoslovakia,30985,1985,1029
Czechoslovakia,30985,1986,1231
Czechoslovakia,30985,1987,1289
Czechoslovakia,30985,1988,1347
Czechoslovakia,30985,1989,1053
Czechoslovakia,30985,1990,624
Czechoslovakia,30985,1991,416
Czechoslovakia,30985,1992,213
Denmark,1527,1960,20
Denmark,1527,1964,60
Denmark,1527,1965,12
Denmark,1527,1967,131
Denmark,1527,1968,28
Denmark,1527,1969,3
Denmark,1527,1975,23
Denmark,1527,1980,18
Denmark,1527,1981,29
Denmark,1527,1982,64
Denmark,1527,1983,115
Denmark,1527,1987,117
Denmark,1527,1988,36
Denmark,1527,1990,72
Denmark,1527,1991,8
Denmark,1527,1993,183
Denmark,1527,1994,272
Denmark,1527,1995,16
Denmark,1527,1998,1
Denmark,1527,1999,6
Denmark,1527,2000,20
Denmark,1527,2001,1
Denmark,1527,2002,10
Denmark,1527,2003,5
Denmark,1527,2006,9
Denmark,1527,2007,6
Denmark,1527,2008,17
Denmark,1527,2009,14
Denmark,1527,2010,8
Denmark,1527,2011,28
Denmark,1527,2012,33
Denmark,1527,2013,11
Denmark,1527,2014,21
Denmark,1527,2015,25
Denmark,1527,2016,25
Denmark,1527,2017,22
Denmark,1527,2018,31
Denmark,1527,2019,4
Denmark,1527,2021,27
Dominican Republic,4,2017,4
DR Congo,23,1979,1
DR Congo,23,1997,22
East Germany (GDR),827,1960,17
East Germany (GDR),827,1961,25
East Germany (GDR),827,1962,17
East Germany (GDR),827,1963,29
East Germany (GDR),827,1964,39
East Germany (GDR),827,1965,26
East Germany (GDR),827,1974,11
East Germany (GDR),827,1976,12
East Germany (GDR),827,1977,25
East Germany (GDR),827,1978,15
East Germany (GDR),827,1979,35
East Germany (GDR),827,1980,34
East Germany (GDR),827,1981,43
East Germany (GDR),827,1982,3
East Germany (GDR),827,1986,39
East Germany (GDR),827,1987,116
East Germany (GDR),827,1988,116
East Germany (GDR),827,1989,149
East Germany (GDR),827,1990,77
Ecuador,8,2014,6
Ecuador,8,2018,2
Egypt,954,1956,9
Egypt,954,1957,22
Egypt,954,1958,4
Egypt,954,1959,4
Egypt,954,1961,0
Egypt,954,1962,7
Egypt,954,1963,8
Egypt,954,1964,1
Egypt,954,1966,13
Egypt,954,1967,3
Egypt,954,1968,26
Egypt,954,1969,15
Egypt,954,1970,39
Egypt,954,1975,16
Egypt,954,1977,67
Egypt,954,1978,78
Egypt,954,1979,13
Egypt,954,1980,29
Egypt,954,1981,77
Egypt,954,1982,81
Egypt,954,1983,71
Egypt,954,1984,37
Egypt,954,1985,5
Egypt,954,1986,19
Egypt,954,1987,61
Egypt,954,1988,65
Egypt,954,1989,63
Egypt,954,1990,20
Egypt,954,1992,13
Egypt,954,1993,22
Egypt,954,1994,15
Egypt,954,1995,9
Egypt,954,1996,5
Egypt,954,1997,5
Egypt,954,2014,7
Egypt,954,2015,21
Egypt,954,2019,2
Eritrea,2,1998,2
Eritrea,2,1999,0
Eritrea,2,2006,0
Estonia,8,1996,8
Estonia,8,2015,0
Ethiopia,103,1985,35
Ethiopia,103,1987,51
Ethiopia,103,1997,17
European Union**,0,2019,0
Fiji,10,1984,10
Finland,2034,1954,25
Finland,2034,1959,75
Finland,2034,1960,75
Finland,2034,1961,1
Finland,2034,1962,1
Finland,2034,1965,1
Finland,2034,1966,62
Finland,2034,1967,33
Finland,2034,1968,33
Finland,2034,1969,33
Finland,2034,1970,32
Finland,2034,1971,39
Finland,2034,1972,30
Finland,2034,1974,63
Finland,2034,1975,63
Finland,2034,1978,63
Finland,2034,1979,63
Finland,2034,1982,15
Finland,2034,1988,1
Finland,2034,1991,22
Finland,2034,1992,11
Finland,2034,1993,17
Finland,2034,1994,26
Finland,2034,1995,26
Finland,2034,1996,9
Finland,2034,1997,10
Finland,2034,1998,34
Finland,2034,1999,28
Finland,2034,2000,12
Finland,2034,2001,33
Finland,2034,2002,34
Finland,2034,2003,40
Finland,2034,2004,34
Finland,2034,2005,42
Finland,2034,2006,121
Finland,2034,2007,61
Finland,2034,2008,98
Finland,2034,2009,64
Finland,2034,2010,70
Finland,2034,2011,65
Finland,2034,2012,98
Finland,2034,2013,70
Finland,2034,2014,98
Finland,2034,2015,27
Finland,2034,2016,51
Finland,2034,2017,31
Finland,2034,2018,45
Finland,2034,2019,27
Finland,2034,2020,12
Finland,2034,2021,14
FMLN (El Salvador)*,1,1991,1
France,134262,1950,8
France,134262,1951,67
France,134262,1952,43
France,134262,1953,273
France,134262,1954,279
France,134262,1955,433
France,134262,1956,940
France,134262,1957,661
France,134262,1958,789
France,134262,1959,799
France,134262,1960,942
France,134262,1961,970
France,134262,1962,974
France,134262,1963,1235
France,134262,1964,1439
France,134262,1965,1219
France,134262,1966,1683
France,134262,1967,1555
France,134262,1968,1496
France,134262,1969,1491
France,134262,1970,1670
France,134262,1971,2241
France,134262,1972,2540
France,134262,1973,2845
France,134262,1974,2103
France,134262,1975,2203
France,134262,1976,2010
France,134262,1977,2681
France,134262,1978,3263
France,134262,1979,2972
France,134262,1980,3810
France,134262,1981,3715
France,134262,1982,3769
France,134262,1983,3440
France,134262,1984,2992
France,134262,1985,4041
France,134262,1986,3040
France,134262,1987,1793
France,134262,1988,1994
France,134262,1989,2302
France,134262,1990,1836
France,134262,1991,1225
France,134262,1992,1265
France,134262,1993,990
France,134262,1994,903
France,134262,1995,1026
France,134262,1996,1939
France,134262,1997,3291
France,134262,1998,3172
France,134262,1999,1818
France,134262,2000,1077
France,134262,2001,1416
France,134262,2002,1426
France,134262,2003,1404
France,134262,2004,2308
France,134262,2005,1811
France,134262,2006,1669
France,134262,2007,2375
France,134262,2008,1984
France,134262,2009,1914
France,134262,2010,874
France,134262,2011,2223
France,134262,2012,1298
France,134262,2013,1769
France,134262,2014,1754
France,134262,2015,2214
France,134262,2016,2075
France,134262,2017,2343
France,134262,2018,1996
France,134262,2019,3713
France,134262,2020,2484
France,134262,2021,3954
Gabon,1,1973,1
Georgia,213,1999,46
Georgia,213,2000,69
Georgia,213,2002,69
Georgia,213,2004,16
Georgia,213,2016,6
Georgia,213,2017,7
Germany,90060,1953,38
Germany,90060,1954,29
Germany,90060,1955,24
Germany,90060,1956,24
Germany,90060,1957,44
Germany,90060,1958,25
Germany,90060,1959,93
Germany,90060,1960,156
Germany,90060,1961,12
Germany,90060,1962,146
Germany,90060,1963,133
Germany,90060,1964,438
Germany,90060,1965,331
Germany,90060,1966,714
Germany,90060,1967,776
Germany,90060,1968,574
Germany,90060,1969,866
Germany,90060,1970,1561
Germany,90060,1971,1364
Germany,90060,1972,1377
Germany,90060,1973,227
Germany,90060,1974,1208
Germany,90060,1975,1446
Germany,90060,1976,1662
Germany,90060,1977,1893
Germany,90060,1978,1671
Germany,90060,1979,1466
Germany,90060,1980,1602
Germany,90060,1981,1902
Germany,90060,1982,1546
Germany,90060,1983,2270
Germany,90060,1984,2862
Germany,90060,1985,1344
Germany,90060,1986,1385
Germany,90060,1987,928
Germany,90060,1988,1402
Germany,90060,1989,1298
Germany,90060,1990,1863
Germany,90060,1991,2407
Germany,90060,1992,1498
Germany,90060,1993,1544
Germany,90060,1994,2896
Germany,90060,1995,1517
Germany,90060,1996,1957
Germany,90060,1997,956
Germany,90060,1998,1825
Germany,90060,1999,1884
Germany,90060,2000,1612
Germany,90060,2001,900
Germany,90060,2002,915
Germany,90060,2003,1669
Germany,90060,2004,1114
Germany,90060,2005,2064
Germany,90060,2006,2717
Germany,90060,2007,3281
Germany,90060,2008,2372
Germany,90060,2009,2466
Germany,90060,2010,2671
Germany,90060,2011,1314
Germany,90060,2012,757
Germany,90060,2013,796
Germany,90060,2014,1797
Germany,90060,2015,1769
Germany,90060,2016,2509
Germany,90060,2017,1948
Germany,90060,2018,1073
Germany,90060,2019,1000
Germany,90060,2020,1217
Germany,90060,2021,914
Ghana,25,1979,6
Ghana,25,2005,19
Greece,210,1964,7
Greece,210,1965,1
Greece,210,1992,15
Greece,210,1993,10
Greece,210,1994,18
Greece,210,1996,19
Greece,210,1997,31
Greece,210,1998,9
Greece,210,1999,3
Greece,210,2000,2
Greece,210,2001,2
Greece,210,2003,6
Greece,210,2004,22
Greece,210,2005,13
Greece,210,2006,23
Greece,210,2017,30
Guatemala,1,1955,1
Guyana,2,1976,2
Hungary,429,1957,5
Hungary,429,1966,18
Hungary,429,1967,18
Hungary,429,1968,37
Hungary,429,1969,28
Hungary,429,1972,8
Hungary,429,1973,44
Hungary,429,1974,8
Hungary,429,1975,8
Hungary,429,1980,4
Hungary,429,1981,30
Hungary,429,1982,4
Hungary,429,1983,4
Hungary,429,1993,21
Hungary,429,1995,6
Hungary,429,1997,24
Hungary,429,2002,34
Hungary,429,2005,82
Hungary,429,2007,9
Hungary,429,2013,41
Iceland,5,1980,0
Iceland,5,1993,5
India,780,1959,1
India,780,1968,1
India,780,1971,7
India,780,1972,2
India,780,1973,21
India,780,1974,24
India,780,1975,31
India,780,1978,27
India,780,1979,22
India,780,1982,2
India,780,1987,0
India,780,1988,1
India,780,1989,0
India,780,1990,4
India,780,1991,0
India,780,1992,3
India,780,1993,9
India,780,1994,2
India,780,1995,2
India,780,1996,0
India,780,1997,0
India,780,1998,0
India,780,1999,0
India,780,2000,21
India,780,2001,2
India,780,2002,0
India,780,2003,4
India,780,2004,28
India,780,2005,19
India,780,2006,33
India,780,2007,23
India,780,2008,15
India,780,2009,27
India,780,2010,5
India,780,2011,3
India,780,2013,15
India,780,2014,36
India,780,2015,42
India,780,2016,46
India,780,2017,56
India,780,2018,44
India,780,2019,18
India,780,2020,151
India,780,2021,33
Indonesia,507,1963,7
Indonesia,507,1970,12
Indonesia,507,1978,9
Indonesia,507,1980,4
Indonesia,507,1985,8
Indonesia,507,1986,4
Indonesia,507,1993,18
Indonesia,507,1994,18
Indonesia,507,1995,26
Indonesia,507,1997,9
Indonesia,507,1999,53
Indonesia,507,2001,18
Indonesia,507,2002,53
Indonesia,507,2004,26
Indonesia,507,2005,9
Indonesia,507,2006,9
Indonesia,507,2008,1
Indonesia,507,2011,4
Indonesia,507,2016,86
Indonesia,507,2017,95
Indonesia,507,2018,15
Indonesia,507,2019,9
Indonesia,507,2021,17
Iran,818,1962,3
Iran,818,1967,28
Iran,818,1970,23
Iran,818,1971,6
Iran,818,1972,106
Iran,818,1973,6
Iran,818,1974,129
Iran,818,1975,81
Iran,818,1980,0
Iran,818,1981,0
Iran,818,1982,0
Iran,818,1983,0
Iran,818,1984,1
Iran,818,1985,1
Iran,818,1986,1
Iran,818,1987,1
Iran,818,1988,1
Iran,818,1989,1
Iran,818,1990,0
Iran,818,1991,1
Iran,818,1992,1
Iran,818,1993,1
Iran,818,1994,0
Iran,818,1995,1
Iran,818,1996,2
Iran,818,1997,0
Iran,818,1998,0
Iran,818,1999,0
Iran,818,2000,0
Iran,818,2001,0
Iran,818,2002,3
Iran,818,2003,9
Iran,818,2004,1
Iran,818,2005,2
Iran,818,2006,75
Iran,818,2008,43
Iran,818,2009,45
Iran,818,2010,45
Iran,818,2011,83
Iran,818,2012,21
Iran,818,2013,12
Iran,818,2014,47
Iran,818,2015,15
Iran,818,2016,5
Iran,818,2017,20
Iran,818,2021,0
Iraq,219,1957,0
Iraq,219,1960,3
Iraq,219,1980,28
Iraq,219,1988,168
Iraq,219,1989,20
Ireland,273,1978,2
Ireland,273,1979,9
Ireland,273,1980,9
Ireland,273,1981,2
Ireland,273,2005,16
Ireland,273,2006,32
Ireland,273,2007,31
Ireland,273,2008,28
Ireland,273,2009,28
Ireland,273,2010,26
Ireland,273,2011,1
Ireland,273,2012,26
Ireland,273,2013,27
Ireland,273,2014,14
Ireland,273,2015,10
Ireland,273,2021,13
Israel,18873,1954,8
Israel,18873,1955,30
Israel,18873,1957,4
Israel,18873,1959,23
Israel,18873,1964,5
Israel,18873,1965,10
Israel,18873,1966,14
Israel,18873,1967,13
Israel,18873,1968,23
Israel,18873,1969,28
Israel,18873,1970,9
Israel,18873,1971,21
Israel,18873,1972,31
Israel,18873,1973,12
Israel,18873,1974,45
Israel,18873,1975,109
Israel,18873,1976,54
Israel,18873,1977,202
Israel,18873,1978,211
Israel,18873,1979,187
Israel,18873,1980,267
Israel,18873,1981,215
Israel,18873,1982,254
Israel,18873,1983,416
Israel,18873,1984,281
Israel,18873,1985,207
Israel,18873,1986,350
Israel,18873,1987,142
Israel,18873,1988,75
Israel,18873,1989,209
Israel,18873,1990,90
Israel,18873,1991,151
Israel,18873,1992,324
Israel,18873,1993,382
Israel,18873,1994,296
Israel,18873,1995,166
Israel,18873,1996,282
Israel,18873,1997,246
Israel,18873,1998,230
Israel,18873,1999,166
Israel,18873,2000,402
Israel,18873,2001,471
Israel,18873,2002,575
Israel,18873,2003,406
Israel,18873,2004,606
Israel,18873,2005,509
Israel,18873,2006,406
Israel,18873,2007,552
Israel,18873,2008,375
Israel,18873,2009,746
Israel,18873,2010,640
Israel,18873,2011,545
Israel,18873,2012,458
Israel,18873,2013,419
Israel,18873,2014,396
Israel,18873,2015,789
Israel,18873,2016,1463
Israel,18873,2017,1268
Israel,18873,2018,704
Israel,18873,2019,349
Israel,18873,2020,400
Israel,18873,2021,606
Italy,35535,1950,129
Italy,35535,1951,106
Italy,35535,1952,24
Italy,35535,1953,1
Italy,35535,1954,11
Italy,35535,1955,140
Italy,35535,1956,257
Italy,35535,1957,275
Italy,35535,1958,234
Italy,35535,1959,8
Italy,35535,1960,104
Italy,35535,1961,245
Italy,35535,1962,261
Italy,35535,1963,240
Italy,35535,1964,384
Italy,35535,1965,295
Italy,35535,1966,243
Italy,35535,1967,149
Italy,35535,1968,192
Italy,35535,1969,325
Italy,35535,1970,280
Italy,35535,1971,395
Italy,35535,1972,296
Italy,35535,1973,330
Italy,35535,1974,421
Italy,35535,1975,512
Italy,35535,1976,523
Italy,35535,1977,502
Italy,35535,1978,680
Italy,35535,1979,1308
Italy,35535,1980,1167
Italy,35535,1981,1708
Italy,35535,1982,1677
Italy,35535,1983,1171
Italy,35535,1984,1256
Italy,35535,1985,909
Italy,35535,1986,226
Italy,35535,1987,618
Italy,35535,1988,387
Italy,35535,1989,335
Italy,35535,1990,206
Italy,35535,1991,351
Italy,35535,1992,246
Italy,35535,1993,340
Italy,35535,1994,208
Italy,35535,1995,297
Italy,35535,1996,291
Italy,35535,1997,454
Italy,35535,1998,425
Italy,35535,1999,503
Italy,35535,2000,205
Italy,35535,2001,269
Italy,35535,2002,479
Italy,35535,2003,365
Italy,35535,2004,262
Italy,35535,2005,830
Italy,35535,2006,544
Italy,35535,2007,722
Italy,35535,2008,434
Italy,35535,2009,509
Italy,35535,2010,538
Italy,35535,2011,945
Italy,35535,2012,759
Italy,35535,2013,873
Italy,35535,2014,672
Italy,35535,2015,676
Italy,35535,2016,618
Italy,35535,2017,774
Italy,35535,2018,496
Italy,35535,2019,351
Italy,35535,2020,847
Italy,35535,2021,1717
Japan,1807,1954,2
Japan,1807,1955,110
Japan,1807,1956,38
Japan,1807,1957,112
Japan,1807,1958,3
Japan,1807,1959,41
Japan,1807,1960,1
Japan,1807,1961,61
Japan,1807,1962,100
Japan,1807,1963,8
Japan,1807,1964,14
Japan,1807,1966,5
Japan,1807,1969,31
Japan,1807,1971,15
Japan,1807,1972,8
Japan,1807,1973,34
Japan,1807,1974,53
Japan,1807,1978,9
Japan,1807,1979,11
Japan,1807,1980,167
Japan,1807,1983,17
Japan,1807,1984,17
Japan,1807,1985,44
Japan,1807,1986,92
Japan,1807,1989,15
Japan,1807,1990,30
Japan,1807,1991,54
Japan,1807,1992,101
Japan,1807,1993,122
Japan,1807,1994,130
Japan,1807,1995,126
Japan,1807,1996,165
Japan,1807,1997,25
Japan,1807,2007,40
Japan,1807,2017,2
Japan,1807,2018,3
Jordan,1021,1959,2
Jordan,1021,1971,36
Jordan,1021,1973,22
Jordan,1021,1974,23
Jordan,1021,1975,50
Jordan,1021,1977,18
Jordan,1021,1983,76
Jordan,1021,1985,2
Jordan,1021,1986,7
Jordan,1021,1988,7
Jordan,1021,1989,64
Jordan,1021,1994,65
Jordan,1021,1997,6
Jordan,1021,2004,42
Jordan,1021,2005,20
Jordan,1021,2007,13
Jordan,1021,2008,13
Jordan,1021,2009,28
Jordan,1021,2010,117
Jordan,1021,2012,21
Jordan,1021,2013,33
Jordan,1021,2014,114
Jordan,1021,2015,16
Jordan,1021,2016,17
Jordan,1021,2017,80
Jordan,1021,2018,1
Jordan,1021,2019,101
Jordan,1021,2020,13
Jordan,1021,2021,15
Kazakhstan,261,1995,13
Kazakhstan,261,1996,12
Kazakhstan,261,1997,3
Kazakhstan,261,1998,6
Kazakhstan,261,1999,183
Kazakhstan,261,2000,19
Kazakhstan,261,2001,12
Kazakhstan,261,2004,5
Kazakhstan,261,2006,6
Kenya,12,1981,8
Kenya,12,1991,2
Kenya,12,1993,2
Kuwait,128,1967,3
Kuwait,128,1980,27
Kuwait,128,1984,4
Kuwait,128,1998,95
Kyrgyzstan,214,1995,57
Kyrgyzstan,214,2003,92
Kyrgyzstan,214,2006,18
Kyrgyzstan,214,2007,18
Kyrgyzstan,214,2008,14
Kyrgyzstan,214,2015,4
Kyrgyzstan,214,2016,5
Kyrgyzstan,214,2017,5
Latvia,9,1994,9
Lebanon,50,1967,1
Lebanon,50,1991,1
Lebanon,50,2002,48
Libya,1414,1972,0
Libya,1414,1973,0
Libya,1414,1975,26
Libya,1414,1976,4
Libya,1414,1978,8
Libya,1414,1979,395
Libya,1414,1980,95
Libya,1414,1981,107
Libya,1414,1982,168
Libya,1414,1983,14
Libya,1414,1984,54
Libya,1414,1985,32
Libya,1414,1986,10
Libya,1414,1987,14
Libya,1414,1988,64
Libya,1414,1989,7
Libya,1414,1990,36
Libya,1414,1994,3
Libya,1414,1997,3
Libya,1414,1998,10
Libya,1414,2002,21
Libya,1414,2003,16
Libya,1414,2004,113
Libya,1414,2005,113
Libya,1414,2006,18
Libya,1414,2007,9
Libya,1414,2008,17
Libya,1414,2009,32
Libya,1414,2010,27
Libya,1414,2011,0
Libya HoR*,1,2016,1
Libya HoR*,1,2018,0
Lithuania,65,2002,3
Lithuania,65,2018,60
Lithuania,65,2021,2
Luxembourg,0,2007,0
Malawi,1,2000,1
Malaysia,57,1971,7
Malaysia,57,1982,6
Malaysia,57,1987,3
Malaysia,57,1995,0
Malaysia,57,1999,11
Malaysia,57,2009,0
Malaysia,57,2013,15
Malaysia,57,2014,15
Malta,15,2004,10
Malta,15,2015,5
Mexico,5,1953,4
Mexico,5,2019,1
Moldova,487,1992,11
Moldova,487,1994,36
Moldova,487,1997,217
Moldova,487,2000,6
Moldova,487,2001,42
Moldova,487,2002,60
Moldova,487,2003,13
Moldova,487,2005,18
Moldova,487,2006,3
Moldova,487,2007,19
Moldova,487,2008,29
Moldova,487,2009,20
Moldova,487,2011,11
Montenegro,198,2006,71
Montenegro,198,2007,109
Montenegro,198,2010,18
Montenegro,198,2017,0
Morocco,14,1962,2
Morocco,14,1969,6
Morocco,14,1978,6
Mozambique,1,1977,1
Mujahedin (Afghanistan)*,1,1992,1
Netherlands,25327,1950,199
Netherlands,25327,1951,63
Netherlands,25327,1952,20
Netherlands,25327,1953,7
Netherlands,25327,1954,72
Netherlands,25327,1955,255
Netherlands,25327,1956,9
Netherlands,25327,1957,8
Netherlands,25327,1958,51
Netherlands,25327,1959,43
Netherlands,25327,1960,36
Netherlands,25327,1961,108
Netherlands,25327,1962,65
Netherlands,25327,1963,45
Netherlands,25327,1964,93
Netherlands,25327,1965,99
Netherlands,25327,1966,79
Netherlands,25327,1967,95
Netherlands,25327,1968,350
Netherlands,25327,1969,111
Netherlands,25327,1970,5
Netherlands,25327,1971,161
Netherlands,25327,1972,133
Netherlands,25327,1973,205
Netherlands,25327,1974,83
Netherlands,25327,1975,147
Netherlands,25327,1976,293
Netherlands,25327,1977,446
Netherlands,25327,1978,234
Netherlands,25327,1979,244
Netherlands,25327,1980,619
Netherlands,25327,1981,804
Netherlands,25327,1982,664
Netherlands,25327,1983,465
Netherlands,25327,1984,366
Netherlands,25327,1985,184
Netherlands,25327,1986,358
Netherlands,25327,1987,505
Netherlands,25327,1988,763
Netherlands,25327,1989,558
Netherlands,25327,1990,416
Netherlands,25327,1991,455
Netherlands,25327,1992,365
Netherlands,25327,1993,455
Netherlands,25327,1994,627
Netherlands,25327,1995,473
Netherlands,25327,1996,499
Netherlands,25327,1997,614
Netherlands,25327,1998,624
Netherlands,25327,1999,359
Netherlands,25327,2000,284
Netherlands,25327,2001,203
Netherlands,25327,2002,233
Netherlands,25327,2003,331
Netherlands,25327,2004,204
Netherlands,25327,2005,505
Netherlands,25327,2006,1146
Netherlands,25327,2007,1212
Netherlands,25327,2008,446
Netherlands,25327,2009,495
Netherlands,25327,2010,370
Netherlands,25327,2011,546
Netherlands,25327,2012,886
Netherlands,25327,2013,388
Netherlands,25327,2014,645
Netherlands,25327,2015,475
Netherlands,25327,2016,485
Netherlands,25327,2017,1050
Netherlands,25327,2018,462
Netherlands,25327,2019,253
Netherlands,25327,2020,478
Netherlands,25327,2021,299
New Zealand,166,1967,1
New Zealand,166,1968,1
New Zealand,166,1969,0
New Zealand,166,1972,0
New Zealand,166,1973,2
New Zealand,166,1974,5
New Zealand,166,1975,3
New Zealand,166,1981,1
New Zealand,166,1982,2
New Zealand,166,1984,10
New Zealand,166,1985,7
New Zealand,166,1986,0
New Zealand,166,1991,34
New Zealand,166,1992,4
New Zealand,166,1994,3
New Zealand,166,1999,1
New Zealand,166,2000,1
New Zealand,166,2002,1
New Zealand,166,2004,1
New Zealand,166,2005,0
New Zealand,166,2012,75
New Zealand,166,2015,1
New Zealand,166,2016,6
New Zealand,166,2018,9
Nicaragua,101,1955,1
Nicaragua,101,1958,2
Nicaragua,101,1989,2
Nicaragua,101,1990,2
Nicaragua,101,1992,72
Nicaragua,101,1993,17
Nicaragua,101,1995,5
Niger,0,1973,0
Nigeria,7,1989,2
Nigeria,7,1990,3
Nigeria,7,2021,2
North Korea,2409,1974,8
North Korea,2409,1975,12
North Korea,2409,1979,20
North Korea,2409,1980,29
North Korea,2409,1981,5
North Korea,2409,1982,148
North Korea,2409,1983,250
North Korea,2409,1984,88
North Korea,2409,1985,57
North Korea,2409,1986,65
North Korea,2409,1987,212
North Korea,2409,1988,189
North Korea,2409,1989,66
North Korea,2409,1990,4
North Korea,2409,1991,113
North Korea,2409,1992,131
North Korea,2409,1993,137
North Korea,2409,1994,24
North Korea,2409,1995,41
North Korea,2409,1996,47
North Korea,2409,1997,47
North Korea,2409,1998,81
North Korea,2409,1999,55
North Korea,2409,2000,58
North Korea,2409,2001,73
North Korea,2409,2002,162
North Korea,2409,2003,134
North Korea,2409,2004,47
North Korea,2409,2005,20
North Korea,2409,2006,20
North Korea,2409,2007,20
North Korea,2409,2008,20
North Korea,2409,2009,26
North Korea,2409,2010,5
North Korea,2409,2014,1
North Yemen,3,1985,3
Norway,4477,1950,1
Norway,4477,1951,30
Norway,4477,1953,8
Norway,4477,1959,8
Norway,4477,1960,38
Norway,4477,1962,25
Norway,4477,1963,55
Norway,4477,1964,67
Norway,4477,1965,65
Norway,4477,1966,80
Norway,4477,1967,140
Norway,4477,1968,65
Norway,4477,1969,53
Norway,4477,1971,4
Norway,4477,1972,31
Norway,4477,1973,10
Norway,4477,1975,8
Norway,4477,1976,8
Norway,4477,1977,8
Norway,4477,1978,93
Norway,4477,1979,161
Norway,4477,1980,158
Norway,4477,1981,278
Norway,4477,1982,68
Norway,4477,1983,35
Norway,4477,1985,42
Norway,4477,1986,29
Norway,4477,1987,54
Norway,4477,1988,34
Norway,4477,1989,127
Norway,4477,1990,85
Norway,4477,1991,170
Norway,4477,1992,82
Norway,4477,1993,51
Norway,4477,1994,64
Norway,4477,1995,21
Norway,4477,1996,4
Norway,4477,1997,19
Norway,4477,1998,3
Norway,4477,1999,5
Norway,4477,2000,3
Norway,4477,2001,42
Norway,4477,2002,92
Norway,4477,2003,101
Norway,4477,2004,66
Norway,4477,2005,6
Norway,4477,2006,17
Norway,4477,2007,68
Norway,4477,2008,118
Norway,4477,2009,151
Norway,4477,2010,159
Norway,4477,2011,151
Norway,4477,2012,170
Norway,4477,2013,173
Norway,4477,2014,163
Norway,4477,2015,217
Norway,4477,2016,129
Norway,4477,2017,146
Norway,4477,2018,59
Norway,4477,2019,31
Norway,4477,2020,72
Norway,4477,2021,58
Oman,19,1977,5
Oman,19,1986,5
Oman,19,1994,0
Oman,19,2005,1
Oman,19,2017,7
Pakistan,289,1967,6
Pakistan,289,1971,3
Pakistan,289,1980,15
Pakistan,289,1981,30
Pakistan,289,1982,30
Pakistan,289,1989,1
Pakistan,289,1990,82
Pakistan,289,1991,3
Pakistan,289,1994,2
Pakistan,289,2000,3
Pakistan,289,2002,9
Pakistan,289,2003,8
Pakistan,289,2004,9
Pakistan,289,2005,24
Pakistan,289,2006,4
Pakistan,289,2008,1
Pakistan,289,2016,1
Pakistan,289,2017,3
Pakistan,289,2018,2
Pakistan,289,2019,1
Pakistan,289,2021,53
Panama,3,1979,2
Panama,3,2019,1
Peru,70,1982,50
Peru,70,2001,14
Peru,70,2004,5
Philippines,5,1986,1
Philippines,5,2007,4
Poland,8380,1960,5
Poland,8380,1961,5
Poland,8380,1962,12
Poland,8380,1963,111
Poland,8380,1964,237
Poland,8380,1965,234
Poland,8380,1966,319
Poland,8380,1967,309
Poland,8380,1968,288
Poland,8380,1969,323
Poland,8380,1970,268
Poland,8380,1971,274
Poland,8380,1972,272
Poland,8380,1973,158
Poland,8380,1974,232
Poland,8380,1975,299
Poland,8380,1976,407
Poland,8380,1977,382
Poland,8380,1978,317
Poland,8380,1979,229
Poland,8380,1980,207
Poland,8380,1981,346
Poland,8380,1982,211
Poland,8380,1983,115
Poland,8380,1984,90
Poland,8380,1985,130
Poland,8380,1986,265
Poland,8380,1987,222
Poland,8380,1988,232
Poland,8380,1989,20
Poland,8380,1990,105
Poland,8380,1991,55
Poland,8380,1992,56
Poland,8380,1994,131
Poland,8380,1995,175
Poland,8380,1996,46
Poland,8380,1997,21
Poland,8380,1998,1
Poland,8380,1999,64
Poland,8380,2000,47
Poland,8380,2001,81
Poland,8380,2002,56
Poland,8380,2003,81
Poland,8380,2004,47
Poland,8380,2005,18
Poland,8380,2006,282
Poland,8380,2007,163
Poland,8380,2008,73
Poland,8380,2009,75
Poland,8380,2010,28
Poland,8380,2011,8
Poland,8380,2012,27
Poland,8380,2013,142
Poland,8380,2014,24
Poland,8380,2015,2
Poland,8380,2016,5
Poland,8380,2017,10
Poland,8380,2018,24
Poland,8380,2019,9
Poland,8380,2020,0
Poland,8380,2021,3
Portugal,693,1967,2
Portugal,693,1971,3
Portugal,693,1973,5
Portugal,693,1974,11
Portugal,693,1975,105
Portugal,693,1976,21
Portugal,693,1978,4
Portugal,693,1979,4
Portugal,693,1980,2
Portugal,693,1983,1
Portugal,693,1986,1
Portugal,693,1987,1
Portugal,693,1989,71
Portugal,693,1993,1
Portugal,693,2008,99
Portugal,693,2009,46
Portugal,693,2011,0
Portugal,693,2012,0
Portugal,693,2014,18
Portugal,693,2015,7
Portugal,693,2016,172
Portugal,693,2017,56
Portugal,693,2018,3
Portugal,693,2019,3
Portugal,693,2020,46
Portugal,693,2021,11
Qatar,93,1993,40
Qatar,93,1999,9
Qatar,93,2006,2
Qatar,93,2011,0
Qatar,93,2018,3
Qatar,93,2019,11
Qatar,93,2021,29
Romania,1180,1971,6
Romania,1180,1972,9
Romania,1180,1973,9
Romania,1180,1974,1
Romania,1180,1978,27
Romania,1180,1979,44
Romania,1180,1980,48
Romania,1180,1981,30
Romania,1180,1982,91
Romania,1180,1983,101
Romania,1180,1984,173
Romania,1180,1985,99
Romania,1180,1986,28
Romania,1180,1987,35
Romania,1180,1988,52
Romania,1180,1989,25
Romania,1180,1990,7
Romania,1180,1991,5
Romania,1180,1992,14
Romania,1180,1993,16
Romania,1180,1994,29
Romania,1180,1995,9
Romania,1180,1996,4
Romania,1180,1997,11
Romania,1180,1998,2
Romania,1180,1999,19
Romania,1180,2000,3
Romania,1180,2003,24
Romania,1180,2005,3
Romania,1180,2006,8
Romania,1180,2007,32
Romania,1180,2009,2
Romania,1180,2010,1
Romania,1180,2011,0
Romania,1180,2013,216
Russia,152936,1992,2605
Russia,152936,1993,3439
Russia,152936,1994,1475
Russia,152936,1995,3812
Russia,152936,1996,3550
Russia,152936,1997,3345
Russia,152936,1998,2032
Russia,152936,1999,4256
Russia,152936,2000,4486
Russia,152936,2001,5277
Russia,152936,2002,5737
Russia,152936,2003,5141
Russia,152936,2004,6253
Russia,152936,2005,5140
Russia,152936,2006,5126
Russia,152936,2007,5500
Russia,152936,2008,6175
Russia,152936,2009,5052
Russia,152936,2010,6187
Russia,152936,2011,8679
Russia,152936,2012,8177
Russia,152936,2013,7926
Russia,152936,2014,5495
Russia,152936,2015,5942
Russia,152936,2016,6836
Russia,152936,2017,6234
Russia,152936,2018,7097
Russia,152936,2019,5531
Russia,152936,2020,3686
Russia,152936,2021,2744
Saudi Arabia,165,1955,0
Saudi Arabia,165,1967,4
Saudi Arabia,165,1968,3
Saudi Arabia,165,1972,2
Saudi Arabia,165,1976,0
Saudi Arabia,165,1977,13
Saudi Arabia,165,1981,33
Saudi Arabia,165,1984,3
Saudi Arabia,165,1985,4
Saudi Arabia,165,1993,12
Saudi Arabia,165,1996,1
Saudi Arabia,165,2006,18
Saudi Arabia,165,2010,1
Saudi Arabia,165,2011,62
Saudi Arabia,165,2015,3
Saudi Arabia,165,2016,5
Senegal,3,1976,3
Serbia,327,1996,20
Serbia,327,1997,5
Serbia,327,2001,16
Serbia,327,2006,5
Serbia,327,2007,5
Serbia,327,2008,45
Serbia,327,2009,1
Serbia,327,2010,31
Serbia,327,2011,4
Serbia,327,2012,11
Serbia,327,2013,11
Serbia,327,2014,10
Serbia,327,2015,35
Serbia,327,2016,29
Serbia,327,2017,3
Serbia,327,2018,27
Serbia,327,2019,26
Serbia,327,2020,34
Serbia,327,2021,7
Seychelles,1,1995,1
Singapore,942,1971,2
Singapore,942,1975,17
Singapore,942,1978,30
Singapore,942,1979,72
Singapore,942,1981,15
Singapore,942,1983,25
Singapore,942,1984,88
Singapore,942,1987,81
Singapore,942,1988,25
Singapore,942,1989,87
Singapore,942,1990,44
Singapore,942,1991,3
Singapore,942,1992,3
Singapore,942,1993,11
Singapore,942,1994,30
Singapore,942,1996,0
Singapore,942,1997,46
Singapore,942,1998,23
Singapore,942,1999,11
Singapore,942,2000,11
Singapore,942,2002,4
Singapore,942,2004,65
Singapore,942,2009,32
Singapore,942,2010,26
Singapore,942,2011,14
Singapore,942,2012,76
Singapore,942,2013,2
Singapore,942,2014,4
Singapore,942,2015,49
Singapore,942,2016,48
Slovakia,836,1993,175
Slovakia,836,1994,38
Slovakia,836,1995,97
Slovakia,836,1996,59
Slovakia,836,1997,55
Slovakia,836,1998,10
Slovakia,836,1999,125
Slovakia,836,2000,37
Slovakia,836,2001,53
Slovakia,836,2002,32
Slovakia,836,2004,46
Slovakia,836,2006,7
Slovakia,836,2007,22
Slovakia,836,2008,8
Slovakia,836,2012,4
Slovakia,836,2013,1
Slovakia,836,2014,8
Slovakia,836,2015,3
Slovakia,836,2016,18
Slovakia,836,2017,22
Slovakia,836,2018,12
Slovakia,836,2019,2
Slovakia,836,2020,3
Slovenia,0,2016,0
South Africa,2676,1959,8
South Africa,2676,1960,27
South Africa,2676,1961,33
South Africa,2676,1967,4
South Africa,2676,1969,14
South Africa,2676,1970,2
South Africa,2676,1971,4
South Africa,2676,1972,12
South Africa,2676,1973,1
South Africa,2676,1974,2
South Africa,2676,1975,18
South Africa,2676,1976,16
South Africa,2676,1977,0
South Africa,2676,1980,39
South Africa,2676,1981,39
South Africa,2676,1982,1
South Africa,2676,1985,25
South Africa,2676,1986,25
South Africa,2676,1987,28
South Africa,2676,1988,25
South Africa,2676,1989,0
South Africa,2676,1991,54
South Africa,2676,1992,75
South Africa,2676,1993,54
South Africa,2676,1994,11
South Africa,2676,1995,17
South Africa,2676,1996,31
South Africa,2676,1997,7
South Africa,2676,1998,22
South Africa,2676,1999,28
South Africa,2676,2000,20
South Africa,2676,2001,37
South Africa,2676,2002,22
South Africa,2676,2003,47
South Africa,2676,2004,72
South Africa,2676,2005,35
South Africa,2676,2006,192
South Africa,2676,2007,137
South Africa,2676,2008,141
South Africa,2676,2009,103
South Africa,2676,2010,236
South Africa,2676,2011,72
South Africa,2676,2012,179
South Africa,2676,2013,103
South Africa,2676,2014,61
South Africa,2676,2015,64
South Africa,2676,2016,78
South Africa,2676,2017,87
South Africa,2676,2018,85
South Africa,2676,2019,96
South Africa,2676,2020,106
South Africa,2676,2021,83
South Korea,8289,1972,141
South Korea,8289,1979,105
South Korea,8289,1980,105
South Korea,8289,1981,130
South Korea,8289,1982,65
South Korea,8289,1984,126
South Korea,8289,1985,28
South Korea,8289,1986,73
South Korea,8289,1988,51
South Korea,8289,1989,48
South Korea,8289,1990,72
South Korea,8289,1991,118
South Korea,8289,1993,60
South Korea,8289,1994,7
South Korea,8289,1995,28
South Korea,8289,1996,24
South Korea,8289,1997,21
South Korea,8289,1998,32
South Korea,8289,2000,10
South Korea,8289,2001,228
South Korea,8289,2003,98
South Korea,8289,2004,73
South Korea,8289,2005,108
South Korea,8289,2006,158
South Korea,8289,2007,280
South Korea,8289,2008,109
South Korea,8289,2009,224
South Korea,8289,2010,198
South Korea,8289,2011,350
South Korea,8289,2012,224
South Korea,8289,2013,371
South Korea,8289,2014,220
South Korea,8289,2015,94
South Korea,8289,2016,477
South Korea,8289,2017,742
South Korea,8289,2018,1056
South Korea,8289,2019,694
South Korea,8289,2020,778
South Korea,8289,2021,566
South Vietnam,4,1970,4
South Yemen,57,1975,6
South Yemen,57,1986,51
Soviet Union,450754,1950,3977
Soviet Union,450754,1951,3602
Soviet Union,450754,1952,5880
Soviet Union,450754,1953,8523
Soviet Union,450754,1954,8624
Soviet Union,450754,1955,5752
Soviet Union,450754,1956,6376
Soviet Union,450754,1957,6682
Soviet Union,450754,1958,8047
Soviet Union,450754,1959,7877
Soviet Union,450754,1960,6329
Soviet Union,450754,1961,6220
Soviet Union,450754,1962,7641
Soviet Union,450754,1963,7026
Soviet Union,450754,1964,8908
Soviet Union,450754,1965,8666
Soviet Union,450754,1966,10312
Soviet Union,450754,1967,11697
Soviet Union,450754,1968,11196
Soviet Union,450754,1969,9851
Soviet Union,450754,1970,9782
Soviet Union,450754,1971,11163
Soviet Union,450754,1972,13288
Soviet Union,450754,1973,15504
Soviet Union,450754,1974,15244
Soviet Union,450754,1975,11300
Soviet Union,450754,1976,9574
Soviet Union,450754,1977,15145
Soviet Union,450754,1978,17336
Soviet Union,450754,1979,16699
Soviet Union,450754,1980,17904
Soviet Union,450754,1981,16896
Soviet Union,450754,1982,16233
Soviet Union,450754,1983,14726
Soviet Union,450754,1984,14091
Soviet Union,450754,1985,14449
Soviet Union,450754,1986,14817
Soviet Union,450754,1987,13466
Soviet Union,450754,1988,12412
Soviet Union,450754,1989,11819
Soviet Union,450754,1990,10063
Soviet Union,450754,1991,5656
Spain,15220,1960,1
Spain,15220,1961,5
Spain,15220,1962,6
Spain,15220,1963,6
Spain,15220,1964,7
Spain,15220,1965,21
Spain,15220,1966,21
Spain,15220,1967,7
Spain,15220,1968,7
Spain,15220,1969,6
Spain,15220,1970,70
Spain,15220,1971,140
Spain,15220,1972,4
Spain,15220,1973,4
Spain,15220,1974,84
Spain,15220,1975,267
Spain,15220,1976,46
Spain,15220,1977,25
Spain,15220,1978,38
Spain,15220,1979,18
Spain,15220,1980,10
Spain,15220,1981,130
Spain,15220,1982,251
Spain,15220,1983,352
Spain,15220,1984,242
Spain,15220,1985,85
Spain,15220,1986,183
Spain,15220,1987,153
Spain,15220,1988,142
Spain,15220,1989,176
Spain,15220,1990,115
Spain,15220,1991,104
Spain,15220,1992,69
Spain,15220,1993,103
Spain,15220,1994,248
Spain,15220,1995,87
Spain,15220,1996,111
Spain,15220,1997,632
Spain,15220,1998,171
Spain,15220,1999,45
Spain,15220,2000,47
Spain,15220,2001,8
Spain,15220,2002,18
Spain,15220,2003,96
Spain,15220,2004,52
Spain,15220,2005,109
Spain,15220,2006,871
Spain,15220,2007,601
Spain,15220,2008,601
Spain,15220,2009,950
Spain,15220,2010,262
Spain,15220,2011,938
Spain,15220,2012,251
Spain,15220,2013,439
Spain,15220,2014,953
Spain,15220,2015,966
Spain,15220,2016,471
Spain,15220,2017,817
Spain,15220,2018,704
Spain,15220,2019,303
Spain,15220,2020,962
Spain,15220,2021,612
Sri Lanka,8,1998,8
Sudan,16,1967,1
Sudan,16,1986,4
Sudan,16,2013,11
Sweden,15860,1950,27
Sweden,15860,1951,46
Sweden,15860,1952,64
Sweden,15860,1953,165
Sweden,15860,1954,21
Sweden,15860,1955,105
Sweden,15860,1956,96
Sweden,15860,1957,111
Sweden,15860,1958,280
Sweden,15860,1959,15
Sweden,15860,1960,38
Sweden,15860,1961,45
Sweden,15860,1962,44
Sweden,15860,1963,13
Sweden,15860,1964,22
Sweden,15860,1965,32
Sweden,15860,1966,56
Sweden,15860,1967,55
Sweden,15860,1968,60
Sweden,15860,1969,36
Sweden,15860,1970,251
Sweden,15860,1971,530
Sweden,15860,1972,123
Sweden,15860,1973,15
Sweden,15860,1974,75
Sweden,15860,1975,123
Sweden,15860,1976,70
Sweden,15860,1977,54
Sweden,15860,1978,55
Sweden,15860,1979,263
Sweden,15860,1980,158
Sweden,15860,1981,130
Sweden,15860,1982,125
Sweden,15860,1983,117
Sweden,15860,1984,224
Sweden,15860,1985,214
Sweden,15860,1986,322
Sweden,15860,1987,233
Sweden,15860,1988,515
Sweden,15860,1989,403
Sweden,15860,1990,231
Sweden,15860,1991,156
Sweden,15860,1992,149
Sweden,15860,1993,103
Sweden,15860,1994,111
Sweden,15860,1995,196
Sweden,15860,1996,347
Sweden,15860,1997,102
Sweden,15860,1998,336
Sweden,15860,1999,386
Sweden,15860,2000,359
Sweden,15860,2001,895
Sweden,15860,2002,163
Sweden,15860,2003,515
Sweden,15860,2004,294
Sweden,15860,2005,531
Sweden,15860,2006,388
Sweden,15860,2007,333
Sweden,15860,2008,455
Sweden,15860,2009,409
Sweden,15860,2010,660
Sweden,15860,2011,696
Sweden,15860,2012,477
Sweden,15860,2013,386
Sweden,15860,2014,339
Sweden,15860,2015,179
Sweden,15860,2016,265
Sweden,15860,2017,80
Sweden,15860,2018,155
Sweden,15860,2019,215
Sweden,15860,2020,286
Sweden,15860,2021,332
Switzerland,18102,1959,50
Switzerland,18102,1960,442
Switzerland,18102,1961,500
Switzerland,18102,1962,530
Switzerland,18102,1963,337
Switzerland,18102,1964,379
Switzerland,18102,1965,484
Switzerland,18102,1966,367
Switzerland,18102,1967,261
Switzerland,18102,1968,91
Switzerland,18102,1969,104
Switzerland,18102,1970,18
Switzerland,18102,1971,42
Switzerland,18102,1972,34
Switzerland,18102,1973,54
Switzerland,18102,1974,89
Switzerland,18102,1975,395
Switzerland,18102,1976,480
Switzerland,18102,1977,260
Switzerland,18102,1978,196
Switzerland,18102,1979,454
Switzerland,18102,1980,531
Switzerland,18102,1981,552
Switzerland,18102,1982,409
Switzerland,18102,1983,331
Switzerland,18102,1984,528
Switzerland,18102,1985,346
Switzerland,18102,1986,345
Switzerland,18102,1987,311
Switzerland,18102,1988,370
Switzerland,18102,1989,318
Switzerland,18102,1990,467
Switzerland,18102,1991,496
Switzerland,18102,1992,451
Switzerland,18102,1993,234
Switzerland,18102,1994,176
Switzerland,18102,1995,146
Switzerland,18102,1996,196
Switzerland,18102,1997,125
Switzerland,18102,1998,214
Switzerland,18102,1999,283
Switzerland,18102,2000,188
Switzerland,18102,2001,222
Switzerland,18102,2002,178
Switzerland,18102,2003,199
Switzerland,18102,2004,272
Switzerland,18102,2005,267
Switzerland,18102,2006,311
Switzerland,18102,2007,318
Switzerland,18102,2008,473
Switzerland,18102,2009,242
Switzerland,18102,2010,264
Switzerland,18102,2011,340
Switzerland,18102,2012,242
Switzerland,18102,2013,194
Switzerland,18102,2014,343
Switzerland,18102,2015,479
Switzerland,18102,2016,215
Switzerland,18102,2017,173
Switzerland,18102,2018,240
Switzerland,18102,2019,216
Switzerland,18102,2020,182
Switzerland,18102,2021,147
Syria,443,1970,17
Syria,443,1974,2
Syria,443,1975,2
Syria,443,1977,0
Syria,443,1982,178
Syria,443,1983,46
Syria,443,1984,1
Syria,443,1985,29
Syria,443,1986,31
Syria,443,1988,15
Syria,443,1992,40
Syria,443,1993,40
Syria,443,1996,0
Syria,443,1997,0
Syria,443,2006,3
Syria,443,2009,20
Syria,443,2010,20
Taiwan,265,1967,12
Taiwan,265,1972,154
Taiwan,265,1979,1
Taiwan,265,1989,42
Taiwan,265,1990,6
Taiwan,265,1996,4
Taiwan,265,1997,5
Taiwan,265,2001,6
Taiwan,265,2002,0
Taiwan,265,2009,16
Taiwan,265,2012,2
Taiwan,265,2015,4
Taiwan,265,2016,2
Taiwan,265,2017,2
Taiwan,265,2019,2
Taiwan,265,2020,2
Taiwan,265,2021,3
Thailand,116,2003,7
Thailand,116,2004,7
Thailand,116,2006,93
Thailand,116,2016,2
Thailand,116,2017,2
Thailand,116,2019,1
Thailand,116,2021,3
Turkey,2922,1956,0
Turkey,2922,1980,23
Turkey,2922,1981,11
Turkey,2922,1995,3
Turkey,2922,1996,3
Turkey,2922,1997,0
Turkey,2922,1998,3
Turkey,2922,1999,43
Turkey,2922,2000,19
Turkey,2922,2001,5
Turkey,2922,2002,26
Turkey,2922,2003,42
Turkey,2922,2004,28
Turkey,2922,2005,23
Turkey,2922,2006,82
Turkey,2922,2007,66
Turkey,2922,2008,112
Turkey,2922,2009,65
Turkey,2922,2010,72
Turkey,2922,2011,86
Turkey,2922,2012,143
Turkey,2922,2013,156
Turkey,2922,2014,168
Turkey,2922,2015,252
Turkey,2922,2016,237
Turkey,2922,2017,169
Turkey,2922,2018,231
Turkey,2922,2019,239
Turkey,2922,2020,233
Turkey,2922,2021,380
UAE,1293,1974,8
UAE,1293,1983,14
UAE,1293,1986,22
UAE,1293,1987,1
UAE,1293,1990,2
UAE,1293,1995,28
UAE,1293,1996,6
UAE,1293,1997,32
UAE,1293,2004,3
UAE,1293,2005,11
UAE,1293,2006,17
UAE,1293,2007,3
UAE,1293,2009,34
UAE,1293,2010,39
UAE,1293,2011,3
UAE,1293,2012,69
UAE,1293,2013,106
UAE,1293,2014,84
UAE,1293,2015,142
UAE,1293,2016,95
UAE,1293,2017,99
UAE,1293,2018,114
UAE,1293,2019,128
UAE,1293,2020,188
UAE,1293,2021,48
Uganda,4,1968,0
Uganda,4,2016,4
Ukraine,12383,1992,165
Ukraine,12383,1993,82
Ukraine,12383,1994,236
Ukraine,12383,1995,167
Ukraine,12383,1996,236
Ukraine,12383,1997,558
Ukraine,12383,1998,708
Ukraine,12383,1999,732
Ukraine,12383,2000,270
Ukraine,12383,2001,512
Ukraine,12383,2002,310
Ukraine,12383,2003,308
Ukraine,12383,2004,200
Ukraine,12383,2005,293
Ukraine,12383,2006,533
Ukraine,12383,2007,636
Ukraine,12383,2008,396
Ukraine,12383,2009,438
Ukraine,12383,2010,507
Ukraine,12383,2011,558
Ukraine,12383,2012,1472
Ukraine,12383,2013,670
Ukraine,12383,2014,633
Ukraine,12383,2015,306
Ukraine,12383,2016,458
Ukraine,12383,2017,376
Ukraine,12383,2018,259
Ukraine,12383,2019,162
Ukraine,12383,2020,116
Ukraine,12383,2021,86
United Kingdom,143986,1950,2282
United Kingdom,143986,1951,3468
United Kingdom,143986,1952,3254
United Kingdom,143986,1953,4583
United Kingdom,143986,1954,4452
United Kingdom,143986,1955,4799
United Kingdom,143986,1956,6022
United Kingdom,143986,1957,5041
United Kingdom,143986,1958,3934
United Kingdom,143986,1959,3467
United Kingdom,143986,1960,2221
United Kingdom,143986,1961,1244
United Kingdom,143986,1962,1117
United Kingdom,143986,1963,1297
United Kingdom,143986,1964,1407
United Kingdom,143986,1965,1471
United Kingdom,143986,1966,1369
United Kingdom,143986,1967,1967
United Kingdom,143986,1968,1617
United Kingdom,143986,1969,1761
United Kingdom,143986,1970,887
United Kingdom,143986,1971,2205
United Kingdom,143986,1972,2475
United Kingdom,143986,1973,2762
United Kingdom,143986,1974,2353
United Kingdom,143986,1975,2441
United Kingdom,143986,1976,2510
United Kingdom,143986,1977,2181
United Kingdom,143986,1978,2208
United Kingdom,143986,1979,1512
United Kingdom,143986,1980,1713
United Kingdom,143986,1981,2450
United Kingdom,143986,1982,2589
United Kingdom,143986,1983,2578
United Kingdom,143986,1984,2564
United Kingdom,143986,1985,2134
United Kingdom,143986,1986,1984
United Kingdom,143986,1987,3597
United Kingdom,143986,1988,2523
United Kingdom,143986,1989,3519
United Kingdom,143986,1990,1860
United Kingdom,143986,1991,1540
United Kingdom,143986,1992,1176
United Kingdom,143986,1993,1436
United Kingdom,143986,1994,1547
United Kingdom,143986,1995,1479
United Kingdom,143986,1996,1661
United Kingdom,143986,1997,2384
United Kingdom,143986,1998,1413
United Kingdom,143986,1999,1368
United Kingdom,143986,2000,1630
United Kingdom,143986,2001,1387
United Kingdom,143986,2002,1100
United Kingdom,143986,2003,755
United Kingdom,143986,2004,1217
United Kingdom,143986,2005,1062
United Kingdom,143986,2006,997
United Kingdom,143986,2007,984
United Kingdom,143986,2008,987
United Kingdom,143986,2009,1080
United Kingdom,143986,2010,1157
United Kingdom,143986,2011,1055
United Kingdom,143986,2012,929
United Kingdom,143986,2013,1608
United Kingdom,143986,2014,1651
United Kingdom,143986,2015,1179
United Kingdom,143986,2016,1394
United Kingdom,143986,2017,1173
United Kingdom,143986,2018,704
United Kingdom,143986,2019,957
United Kingdom,143986,2020,556
United Kingdom,143986,2021,601
United Nations**,0,1964,0
United States of America,713634,1950,1391
United States of America,713634,1951,4049
United States of America,713634,1952,6928
United States of America,713634,1953,9810
United States of America,713634,1954,6129
United States of America,713634,1955,7191
United States of America,713634,1956,8573
United States of America,713634,1957,8599
United States of America,713634,1958,9600
United States of America,713634,1959,7438
United States of America,713634,1960,6181
United States of America,713634,1961,6295
United States of America,713634,1962,6132
United States of America,713634,1963,9368
United States of America,713634,1964,12331
United States of America,713634,1965,11311
United States of America,713634,1966,8478
United States of America,713634,1967,7266
United States of America,713634,1968,8396
United States of America,713634,1969,11832
United States of America,713634,1970,8972
United States of America,713634,1971,11777
United States of America,713634,1972,10898
United States of America,713634,1973,12015
United States of America,713634,1974,12829
United States of America,713634,1975,15717
United States of America,713634,1976,15651
United States of America,713634,1977,14421
United States of America,713634,1978,14001
United States of America,713634,1979,9789
United States of America,713634,1980,10741
United States of America,713634,1981,13610
United States of America,713634,1982,14008
United States of America,713634,1983,13940
United States of America,713634,1984,11889
United States of America,713634,1985,10804
United States of America,713634,1986,11635
United States of America,713634,1987,12206
United States of America,713634,1988,11869
United States of America,713634,1989,11319
United States of America,713634,1990,10609
United States of America,713634,1991,12509
United States of America,713634,1992,14079
United States of America,713634,1993,13808
United States of America,713634,1994,11500
United States of America,713634,1995,11189
United States of America,713634,1996,10851
United States of America,713634,1997,14513
United States of America,713634,1998,15715
United States of America,713634,1999,11545
United States of America,713634,2000,7572
United States of America,713634,2001,5590
United States of America,713634,2002,4893
United States of America,713634,2003,5662
United States of America,713634,2004,6846
United States of America,713634,2005,6787
United States of America,713634,2006,7545
United States of America,713634,2007,7864
United States of America,713634,2008,6804
United States of America,713634,2009,6888
United States of America,713634,2010,8074
United States of America,713634,2011,8943
United States of America,713634,2012,9053
United States of America,713634,2013,7504
United States of America,713634,2014,9602
United States of America,713634,2015,9932
United States of America,713634,2016,9864
United States of America,713634,2017,11909
United States of America,713634,2018,9824
United States of America,713634,2019,10923
United States of America,713634,2020,9233
United States of America,713634,2021,10613
Unknown supplier(s),950,1950,23
Unknown supplier(s),950,1951,12
Unknown supplier(s),950,1955,2
Unknown supplier(s),950,1956,17
Unknown supplier(s),950,1957,17
Unknown supplier(s),950,1958,17
Unknown supplier(s),950,1959,17
Unknown supplier(s),950,1960,17
Unknown supplier(s),950,1961,19
Unknown supplier(s),950,1962,5
Unknown supplier(s),950,1963,1
Unknown supplier(s),950,1964,1
Unknown supplier(s),950,1965,14
Unknown supplier(s),950,1966,1
Unknown supplier(s),950,1967,12
Unknown supplier(s),950,1969,0
Unknown supplier(s),950,1971,3
Unknown supplier(s),950,1972,12
Unknown supplier(s),950,1973,4
Unknown supplier(s),950,1974,7
Unknown supplier(s),950,1975,15
Unknown supplier(s),950,1976,7
Unknown supplier(s),950,1977,1
Unknown supplier(s),950,1978,12
Unknown supplier(s),950,1979,31
Unknown supplier(s),950,1980,30
Unknown supplier(s),950,1981,42
Unknown supplier(s),950,1982,21
Unknown supplier(s),950,1983,9
Unknown supplier(s),950,1984,2
Unknown supplier(s),950,1985,7
Unknown supplier(s),950,1986,42
Unknown supplier(s),950,1987,2
Unknown supplier(s),950,1988,8
Unknown supplier(s),950,1989,6
Unknown supplier(s),950,1990,10
Unknown supplier(s),950,1991,9
Unknown supplier(s),950,1992,3
Unknown supplier(s),950,1993,38
Unknown supplier(s),950,1994,53
Unknown supplier(s),950,1995,1
Unknown supplier(s),950,1996,75
Unknown supplier(s),950,1997,10
Unknown supplier(s),950,1998,3
Unknown supplier(s),950,1999,2
Unknown supplier(s),950,2000,11
Unknown supplier(s),950,2001,17
Unknown supplier(s),950,2002,16
Unknown supplier(s),950,2003,10
Unknown supplier(s),950,2004,13
Unknown supplier(s),950,2005,49
Unknown supplier(s),950,2006,9
Unknown supplier(s),950,2007,0
Unknown supplier(s),950,2008,35
Unknown supplier(s),950,2009,9
Unknown supplier(s),950,2010,30
Unknown supplier(s),950,2011,8
Unknown supplier(s),950,2012,14
Unknown supplier(s),950,2013,10
Unknown supplier(s),950,2014,26
Unknown supplier(s),950,2015,12
Unknown supplier(s),950,2016,5
Unknown supplier(s),950,2017,6
Unknown supplier(s),950,2018,4
Unknown supplier(s),950,2019,11
Unknown supplier(s),950,2020,3
Unknown supplier(s),950,2021,14
Uruguay,7,1960,6
Uruguay,7,2000,1
Uzbekistan,1111,2003,252
Uzbekistan,1111,2004,126
Uzbekistan,1111,2005,4
Uzbekistan,1111,2009,209
Uzbekistan,1111,2010,209
Uzbekistan,1111,2011,209
Uzbekistan,1111,2015,34
Uzbekistan,1111,2016,68
Venezuela,80,1969,17
Venezuela,80,1975,13
Venezuela,80,1987,0
Venezuela,80,2004,1
Venezuela,80,2006,7
Venezuela,80,2008,3
Venezuela,80,2009,40
Viet Nam,36,1972,0
Viet Nam,36,1987,11
Viet Nam,36,2006,14
Viet Nam,36,2018,10
Yugoslavia,1480,1956,17
Yugoslavia,1480,1958,71
Yugoslavia,1480,1960,6
Yugoslavia,1480,1964,23
Yugoslavia,1480,1965,23
Yugoslavia,1480,1969,21
Yugoslavia,1480,1970,3
Yugoslavia,1480,1971,21
Yugoslavia,1480,1973,35
Yugoslavia,1480,1975,14
Yugoslavia,1480,1976,65
Yugoslavia,1480,1977,71
Yugoslavia,1480,1978,45
Yugoslavia,1480,1979,25
Yugoslavia,1480,1980,102
Yugoslavia,1480,1981,102
Yugoslavia,1480,1982,22
Yugoslavia,1480,1983,47
Yugoslavia,1480,1984,71
Yugoslavia,1480,1985,94
Yugoslavia,1480,1986,8
Yugoslavia,1480,1987,2
Yugoslavia,1480,1988,16
Yugoslavia,1480,1989,18
Yugoslavia,1480,1990,80
Yugoslavia,1480,1991,480
Zambia,2,1990,2
Zimbabwe,5,1964,1
Zimbabwe,5,2001,4
