Rank,Supplier,Total,Year,TIV
1,United States,713634,1950,1391
1,United States,713634,1951,4049
1,United States,713634,1952,6928
1,United States,713634,1953,9810
1,United States,713634,1954,6129
1,United States,713634,1955,7191
1,United States,713634,1956,8573
1,United States,713634,1957,8599
1,United States,713634,1958,9600
1,United States,713634,1959,7438
1,United States,713634,1960,6181
1,United States,713634,1961,6295
1,United States,713634,1962,6132
1,United States,713634,1963,9368
1,United States,713634,1964,12331
1,United States,713634,1965,11311
1,United States,713634,1966,8478
1,United States,713634,1967,7266
1,United States,713634,1968,8396
1,United States,713634,1969,11832
1,United States,713634,1970,8972
1,United States,713634,1971,11777
1,United States,713634,1972,10898
1,United States,713634,1973,12015
1,United States,713634,1974,12829
1,United States,713634,1975,15717
1,United States,713634,1976,15651
1,United States,713634,1977,14421
1,United States,713634,1978,14001
1,United States,713634,1979,9789
1,United States,713634,1980,10741
1,United States,713634,1981,13610
1,United States,713634,1982,14008
1,United States,713634,1983,13940
1,United States,713634,1984,11889
1,United States,713634,1985,10804
1,United States,713634,1986,11635
1,United States,713634,1987,12206
1,United States,713634,1988,11869
1,United States,713634,1989,11319
1,United States,713634,1990,10609
1,United States,713634,1991,12509
1,United States,713634,1992,14079
1,United States,713634,1993,13808
1,United States,713634,1994,11500
1,United States,713634,1995,11189
1,United States,713634,1996,10851
1,United States,713634,1997,14513
1,United States,713634,1998,15715
1,United States,713634,1999,11545
1,United States,713634,2000,7572
1,United States,713634,2001,5590
1,United States,713634,2002,4893
1,United States,713634,2003,5662
1,United States,713634,2004,6846
1,United States,713634,2005,6787
1,United States,713634,2006,7545
1,United States,713634,2007,7864
1,United States,713634,2008,6804
1,United States,713634,2009,6888
1,United States,713634,2010,8074
1,United States,713634,2011,8943
1,United States,713634,2012,9053
1,United States,713634,2013,7504
1,United States,713634,2014,9602
1,United States,713634,2015,9932
1,United States,713634,2016,9864
1,United States,713634,2017,11909
1,United States,713634,2018,9824
1,United States,713634,2019,10923
1,United States,713634,2020,9233
1,United States,713634,2021,10613
2,Soviet Union,450754,1950,3977
2,Soviet Union,450754,1951,3602
2,Soviet Union,450754,1952,5880
2,Soviet Union,450754,1953,8523
2,Soviet Union,450754,1954,8624
2,Soviet Union,450754,1955,5752
2,Soviet Union,450754,1956,6376
2,Soviet Union,450754,1957,6682
2,Soviet Union,450754,1958,8047
2,Soviet Union,450754,1959,7877
2,Soviet Union,450754,1960,6329
2,Soviet Union,450754,1961,6220
2,Soviet Union,450754,1962,7641
2,Soviet Union,450754,1963,7026
2,Soviet Union,450754,1964,8908
2,Soviet Union,450754,1965,8666
2,Soviet Union,450754,1966,10312
2,Soviet Union,450754,1967,11697
2,Soviet Union,450754,1968,11196
2,Soviet Union,450754,1969,9851
2,Soviet Union,450754,1970,9782
2,Soviet Union,450754,1971,11163
2,Soviet Union,450754,1972,13288
2,Soviet Union,450754,1973,15504
2,Soviet Union,450754,1974,15244
2,Soviet Union,450754,1975,11300
2,Soviet Union,450754,1976,9574
2,Soviet Union,450754,1977,15145
2,Soviet Union,450754,1978,17336
2,Soviet Union,450754,1979,16699
2,Soviet Union,450754,1980,17904
2,Soviet Union,450754,1981,16896
2,Soviet Union,450754,1982,16233
2,Soviet Union,450754,1983,14726
2,Soviet Union,450754,1984,14091
2,Soviet Union,450754,1985,14449
2,Soviet Union,450754,1986,14817
2,Soviet Union,450754,1987,13466
2,Soviet Union,450754,1988,12412
2,Soviet Union,450754,1989,11819
2,Soviet Union,450754,1990,10063
2,Soviet Union,450754,1991,5656
3,Russia,152936,1992,2605
3,Russia,152936,1993,3439
3,Russia,152936,1994,1475
3,Russia,152936,1995,3812
3,Russia,152936,1996,3550
3,Russia,152936,1997,3345
3,Russia,152936,1998,2032
3,Russia,152936,1999,4256
3,Russia,152936,2000,4486
3,Russia,152936,2001,5277
3,Russia,152936,2002,5737
3,Russia,152936,2003,5141
3,Russia,152936,2004,6253
3,Russia,152936,2005,5140
3,Russia,152936,2006,5126
3,Russia,152936,2007,5500
3,Russia,152936,2008,6175
3,Russia,152936,2009,5052
3,Russia,152936,2010,6187
3,Russia,152936,2011,8679
3,Russia,152936,2012,8177
3,Russia,152936,2013,7926
3,Russia,152936,2014,5495
3,Russia,152936,2015,5942
3,Russia,152936,2016,6836
3,Russia,152936,2017,6234
3,Russia,152936,2018,7097
3,Russia,152936,2019,5531
3,Russia,152936,2020,3686
3,Russia,152936,2021,2744
4,United Kingdom,143986,1950,2282
4,United Kingdom,143986,1951,3468
4,United Kingdom,143986,1952,3254
4,United Kingdom,143986,1953,4583
4,United Kingdom,143986,1954,4452
4,United Kingdom,143986,1955,4799
4,United Kingdom,143986,1956,6022
4,United Kingdom,143986,1957,5041
4,United Kingdom,143986,1958,3934
4,United Kingdom,143986,1959,3467
4,United Kingdom,143986,1960,2221
4,United Kingdom,143986,1961,1244
4,United Kingdom,143986,1962,1117
4,United Kingdom,143986,1963,1297
4,United Kingdom,143986,1964,1407
4,United Kingdom,143986,1965,1471
4,United Kingdom,143986,1966,1369
4,United Kingdom,143986,1967,1967
4,United Kingdom,143986,1968,1617
4,United Kingdom,143986,1969,1761
4,United Kingdom,143986,1970,887
4,United Kingdom,143986,1971,2205
4,United Kingdom,143986,1972,2475
4,United Kingdom,143986,1973,2762
4,United Kingdom,143986,1974,2353
4,United Kingdom,143986,1975,2441
4,United Kingdom,143986,1976,2510
4,United Kingdom,143986,1977,2181
4,United Kingdom,143986,1978,2208
4,United Kingdom,143986,1979,1512
4,United Kingdom,143986,1980,1713
4,United Kingdom,143986,1981,2450
4,United Kingdom,143986,1982,2589
4,United Kingdom,143986,1983,2578
4,United Kingdom,143986,1984,2564
4,United Kingdom,143986,1985,2134
4,United Kingdom,143986,1986,1984
4,United Kingdom,143986,1987,3597
4,United Kingdom,143986,1988,2523
4,United Kingdom,143986,1989,3519
4,United Kingdom,143986,1990,1860
4,United Kingdom,143986,1991,1540
4,United Kingdom,143986,1992,1176
4,United Kingdom,143986,1993,1436
4,United Kingdom,143986,1994,1547
4,United Kingdom,143986,1995,1479
4,United Kingdom,143986,1996,1661
4,United Kingdom,143986,1997,2384
4,United Kingdom,143986,1998,1413
4,United Kingdom,143986,1999,1368
4,United Kingdom,143986,2000,1630
4,United Kingdom,143986,2001,1387
4,United Kingdom,143986,2002,1100
4,United Kingdom,143986,2003,755
4,United Kingdom,143986,2004,1217
4,United Kingdom,143986,2005,1062
4,United Kingdom,143986,2006,997
4,United Kingdom,143986,2007,984
4,United Kingdom,143986,2008,987
4,United Kingdom,143986,2009,1080
4,United Kingdom,143986,2010,1157
4,United Kingdom,143986,2011,1055
4,United Kingdom,143986,2012,929
4,United Kingdom,143986,2013,1608
4,United Kingdom,143986,2014,1651
4,United Kingdom,143986,2015,1179
4,United Kingdom,143986,2016,1394
4,United Kingdom,143986,2017,1173
4,United Kingdom,143986,2018,704
4,United Kingdom,143986,2019,957
4,United Kingdom,143986,2020,556
4,United Kingdom,143986,2021,601
5,France,134262,1950,8
5,France,134262,1951,67
5,France,134262,1952,43
5,France,134262,1953,273
5,France,134262,1954,279
5,France,134262,1955,433
5,France,134262,1956,940
5,France,134262,1957,661
5,France,134262,1958,789
5,France,134262,1959,799
5,France,134262,1960,942
5,France,134262,1961,970
5,France,134262,1962,974
5,France,134262,1963,1235
5,France,134262,1964,1439
5,France,134262,1965,1219
5,France,134262,1966,1683
5,France,134262,1967,1555
5,France,134262,1968,1496
5,France,134262,1969,1491
5,France,134262,1970,1670
5,France,134262,1971,2241
5,France,134262,1972,2540
5,France,134262,1973,2845
5,France,134262,1974,2103
5,France,134262,1975,2203
5,France,134262,1976,2010
5,France,134262,1977,2681
5,France,134262,1978,3263
5,France,134262,1979,2972
5,France,134262,1980,3810
5,France,134262,1981,3715
5,France,134262,1982,3769
5,France,134262,1983,3440
5,France,134262,1984,2992
5,France,134262,1985,4041
5,France,134262,1986,3040
5,France,134262,1987,1793
5,France,134262,1988,1994
5,France,134262,1989,2302
5,France,134262,1990,1836
5,France,134262,1991,1225
5,France,134262,1992,1265
5,France,134262,1993,990
5,France,134262,1994,903
5,France,134262,1995,1026
5,France,134262,1996,1939
5,France,134262,1997,3291
5,France,134262,1998,3172
5,France,134262,1999,1818
5,France,134262,2000,1077
5,France,134262,2001,1416
5,France,134262,2002,1426
5,France,134262,2003,1404
5,France,134262,2004,2308
5,France,134262,2005,1811
5,France,134262,2006,1669
5,France,134262,2007,2375
5,France,134262,2008,1984
5,France,134262,2009,1914
5,France,134262,2010,874
5,France,134262,2011,2223
5,France,134262,2012,1298
5,France,134262,2013,1769
5,France,134262,2014,1754
5,France,134262,2015,2214
5,France,134262,2016,2075
5,France,134262,2017,2343
5,France,134262,2018,1996
5,France,134262,2019,3713
5,France,134262,2020,2484
5,France,134262,2021,3954
6,Germany,90060,1953,38
6,Germany,90060,1954,29
6,Germany,90060,1955,24
6,Germany,90060,1956,24
6,Germany,90060,1957,44
6,Germany,90060,1958,25
6,Germany,90060,1959,93
6,Germany,90060,1960,156
6,Germany,90060,1961,12
6,Germany,90060,1962,146
6,Germany,90060,1963,133
6,Germany,90060,1964,438
6,Germany,90060,1965,331
6,Germany,90060,1966,714
6,Germany,90060,1967,776
6,Germany,90060,1968,574
6,Germany,90060,1969,866
6,Germany,90060,1970,1561
6,Germany,90060,1971,1364
6,Germany,90060,1972,1377
6,Germany,90060,1973,227
6,Germany,90060,1974,1208
6,Germany,90060,1975,1446
6,Germany,90060,1976,1662
6,Germany,90060,1977,1893
6,Germany,90060,1978,1671
6,Germany,90060,1979,1466
6,Germany,90060,1980,1602
6,Germany,90060,1981,1902
6,Germany,90060,1982,1546
6,Germany,90060,1983,2270
6,Germany,90060,1984,2862
6,Germany,90060,1985,1344
6,Germany,90060,1986,1385
6,Germany,90060,1987,928
6,Germany,90060,1988,1402
6,Germany,90060,1989,1298
6,Germany,90060,1990,1863
6,Germany,90060,1991,2407
6,Germany,90060,1992,1498
6,Germany,90060,1993,1544
6,Germany,90060,1994,2896
6,Germany,90060,1995,1517
6,Germany,90060,1996,1957
6,Germany,90060,1997,956
6,Germany,90060,1998,1825
6,Germany,90060,1999,1884
6,Germany,90060,2000,1612
6,Germany,90060,2001,900
6,Germany,90060,2002,915
6,Germany,90060,2003,1669
6,Germany,90060,2004,1114
6,Germany,90060,2005,2064
6,Germany,90060,2006,2717
6,Germany,90060,2007,3281
6,Germany,90060,2008,2372
6,Germany,90060,2009,2466
6,Germany,90060,2010,2671
6,Germany,90060,2011,1314
6,Germany,90060,2012,757
6,Germany,90060,2013,796
6,Germany,90060,2014,1797
6,Germany,90060,2015,1769
6,Germany,90060,2016,2509
6,Germany,90060,2017,1948
6,Germany,90060,2018,1073
6,Germany,90060,2019,1000
6,Germany,90060,2020,1217
6,Germany,90060,2021,914
7,China,58480,1954,3
7,China,58480,1956,39
7,China,58480,1957,30
7,China,58480,1958,463
7,China,58480,1959,361
7,China,58480,1960,285
7,China,58480,1961,35
7,China,58480,1962,47
7,China,58480,1963,12
7,China,58480,1964,68
7,China,58480,1965,387
7,China,58480,1966,619
7,China,58480,1967,412
7,China,58480,1968,730
7,China,58480,1969,657
7,China,58480,1970,893
7,China,58480,1971,1293
7,China,58480,1972,1238
7,China,58480,1973,662
7,China,58480,1974,511
7,China,58480,1975,668
7,China,58480,1976,586
7,China,58480,1977,230
7,China,58480,1978,617
7,China,58480,1979,560
7,China,58480,1980,949
7,China,58480,1981,656
7,China,58480,1982,1504
7,China,58480,1983,1757
7,China,58480,1984,1929
7,China,58480,1985,1290
7,China,58480,1986,1862
7,China,58480,1987,2605
7,China,58480,1988,1412
7,China,58480,1989,1041
7,China,58480,1990,941
7,China,58480,1991,1312
7,China,58480,1992,673
7,China,58480,1993,1407
7,China,58480,1994,1076
7,China,58480,1995,1008
7,China,58480,1996,766
7,China,58480,1997,427
7,China,58480,1998,350
7,China,58480,1999,329
7,China,58480,2000,310
7,China,58480,2001,513
7,China,58480,2002,526
7,China,58480,2003,701
7,China,58480,2004,410
7,China,58480,2005,284
7,China,58480,2006,663
7,China,58480,2007,508
7,China,58480,2008,607
7,China,58480,2009,1136
7,China,58480,2010,1475
7,China,58480,2011,1266
7,China,58480,2012,1517
7,China,58480,2013,2056
7,China,58480,2014,1302
7,China,58480,2015,1798
7,China,58480,2016,2438
7,China,58480,2017,1601
7,China,58480,2018,1306
7,China,58480,2019,1504
7,China,58480,2020,775
7,China,58480,2021,1085
8,Italy,35535,1950,129
8,Italy,35535,1951,106
8,Italy,35535,1952,24
8,Italy,35535,1953,1
8,Italy,35535,1954,11
8,Italy,35535,1955,140
8,Italy,35535,1956,257
8,Italy,35535,1957,275
8,Italy,35535,1958,234
8,Italy,35535,1959,8
8,Italy,35535,1960,104
8,Italy,35535,1961,245
8,Italy,35535,1962,261
8,Italy,35535,1963,240
8,Italy,35535,1964,384
8,Italy,35535,1965,295
8,Italy,35535,1966,243
8,Italy,35535,1967,149
8,Italy,35535,1968,192
8,Italy,35535,1969,325
8,Italy,35535,1970,280
8,Italy,35535,1971,395
8,Italy,35535,1972,296
8,Italy,35535,1973,330
8,Italy,35535,1974,421
8,Italy,35535,1975,512
8,Italy,35535,1976,523
8,Italy,35535,1977,502
8,Italy,35535,1978,680
8,Italy,35535,1979,1308
8,Italy,35535,1980,1167
8,Italy,35535,1981,1708
8,Italy,35535,1982,1677
8,Italy,35535,1983,1171
8,Italy,35535,1984,1256
8,Italy,35535,1985,909
8,Italy,35535,1986,226
8,Italy,35535,1987,618
8,Italy,35535,1988,387
8,Italy,35535,1989,335
8,Italy,35535,1990,206
8,Italy,35535,1991,351
8,Italy,35535,1992,246
8,Italy,35535,1993,340
8,Italy,35535,1994,208
8,Italy,35535,1995,297
8,Italy,35535,1996,291
8,Italy,35535,1997,454
8,Italy,35535,1998,425
8,Italy,35535,1999,503
8,Italy,35535,2000,205
8,Italy,35535,2001,269
8,Italy,35535,2002,479
8,Italy,35535,2003,365
8,Italy,35535,2004,262
8,Italy,35535,2005,830
8,Italy,35535,2006,544
8,Italy,35535,2007,722
8,Italy,35535,2008,434
8,Italy,35535,2009,509
8,Italy,35535,2010,538
8,Italy,35535,2011,945
8,Italy,35535,2012,759
8,Italy,35535,2013,873
8,Italy,35535,2014,672
8,Italy,35535,2015,676
8,Italy,35535,2016,618
8,Italy,35535,2017,774
8,Italy,35535,2018,496
8,Italy,35535,2019,351
8,Italy,35535,2020,847
8,Italy,35535,2021,1717
9,Czech republic,30985,1950,17
9,Czech republic,30985,1951,15
9,Czech republic,30985,1952,15
9,Czech republic,30985,1953,9
9,Czech republic,30985,1954,188
9,Czech republic,30985,1955,1331
9,Czech republic,30985,1956,1871
9,Czech republic,30985,1957,2216
9,Czech republic,30985,1958,1530
9,Czech republic,30985,1959,940
9,Czech republic,30985,1960,661
9,Czech republic,30985,1961,200
9,Czech republic,30985,1962,173
9,Czech republic,30985,1963,137
9,Czech republic,30985,1964,267
9,Czech republic,30985,1965,325
9,Czech republic,30985,1966,427
9,Czech republic,30985,1967,449
9,Czech republic,30985,1968,506
9,Czech republic,30985,1969,667
9,Czech republic,30985,1970,435
9,Czech republic,30985,1971,420
9,Czech republic,30985,1972,648
9,Czech republic,30985,1973,667
9,Czech republic,30985,1974,874
9,Czech republic,30985,1975,712
9,Czech republic,30985,1976,802
9,Czech republic,30985,1977,817
9,Czech republic,30985,1978,846
9,Czech republic,30985,1979,817
9,Czech republic,30985,1980,796
9,Czech republic,30985,1981,937
9,Czech republic,30985,1982,929
9,Czech republic,30985,1983,1049
9,Czech republic,30985,1984,1093
9,Czech republic,30985,1985,1029
9,Czech republic,30985,1986,1231
9,Czech republic,30985,1987,1289
9,Czech republic,30985,1988,1347
9,Czech republic,30985,1989,1053
9,Czech republic,30985,1990,624
9,Czech republic,30985,1991,416
9,Czech republic,30985,1992,213
10,Netherlands,25327,1950,199
10,Netherlands,25327,1951,63
10,Netherlands,25327,1952,20
10,Netherlands,25327,1953,7
10,Netherlands,25327,1954,72
10,Netherlands,25327,1955,255
10,Netherlands,25327,1956,9
10,Netherlands,25327,1957,8
10,Netherlands,25327,1958,51
10,Netherlands,25327,1959,43
10,Netherlands,25327,1960,36
10,Netherlands,25327,1961,108
10,Netherlands,25327,1962,65
10,Netherlands,25327,1963,45
10,Netherlands,25327,1964,93
10,Netherlands,25327,1965,99
10,Netherlands,25327,1966,79
10,Netherlands,25327,1967,95
10,Netherlands,25327,1968,350
10,Netherlands,25327,1969,111
10,Netherlands,25327,1970,5
10,Netherlands,25327,1971,161
10,Netherlands,25327,1972,133
10,Netherlands,25327,1973,205
10,Netherlands,25327,1974,83
10,Netherlands,25327,1975,147
10,Netherlands,25327,1976,293
10,Netherlands,25327,1977,446
10,Netherlands,25327,1978,234
10,Netherlands,25327,1979,244
10,Netherlands,25327,1980,619
10,Netherlands,25327,1981,804
10,Netherlands,25327,1982,664
10,Netherlands,25327,1983,465
10,Netherlands,25327,1984,366
10,Netherlands,25327,1985,184
10,Netherlands,25327,1986,358
10,Netherlands,25327,1987,505
10,Netherlands,25327,1988,763
10,Netherlands,25327,1989,558
10,Netherlands,25327,1990,416
10,Netherlands,25327,1991,455
10,Netherlands,25327,1992,365
10,Netherlands,25327,1993,455
10,Netherlands,25327,1994,627
10,Netherlands,25327,1995,473
10,Netherlands,25327,1996,499
10,Netherlands,25327,1997,614
10,Netherlands,25327,1998,624
10,Netherlands,25327,1999,359
10,Netherlands,25327,2000,284
10,Netherlands,25327,2001,203
10,Netherlands,25327,2002,233
10,Netherlands,25327,2003,331
10,Netherlands,25327,2004,204
10,Netherlands,25327,2005,505
10,Netherlands,25327,2006,1146
10,Netherlands,25327,2007,1212
10,Netherlands,25327,2008,446
10,Netherlands,25327,2009,495
10,Netherlands,25327,2010,370
10,Netherlands,25327,2011,546
10,Netherlands,25327,2012,886
10,Netherlands,25327,2013,388
10,Netherlands,25327,2014,645
10,Netherlands,25327,2015,475
10,Netherlands,25327,2016,485
10,Netherlands,25327,2017,1050
10,Netherlands,25327,2018,462
10,Netherlands,25327,2019,253
10,Netherlands,25327,2020,478
10,Netherlands,25327,2021,299
11,Israel,18873,1954,8
11,Israel,18873,1955,30
11,Israel,18873,1957,4
11,Israel,18873,1959,23
11,Israel,18873,1964,5
11,Israel,18873,1965,10
11,Israel,18873,1966,14
11,Israel,18873,1967,13
11,Israel,18873,1968,23
11,Israel,18873,1969,28
11,Israel,18873,1970,9
11,Israel,18873,1971,21
11,Israel,18873,1972,31
11,Israel,18873,1973,12
11,Israel,18873,1974,45
11,Israel,18873,1975,109
11,Israel,18873,1976,54
11,Israel,18873,1977,202
11,Israel,18873,1978,211
11,Israel,18873,1979,187
11,Israel,18873,1980,267
11,Israel,18873,1981,215
11,Israel,18873,1982,254
11,Israel,18873,1983,416
11,Israel,18873,1984,281
11,Israel,18873,1985,207
11,Israel,18873,1986,350
11,Israel,18873,1987,142
11,Israel,18873,1988,75
11,Israel,18873,1989,209
11,Israel,18873,1990,90
11,Israel,18873,1991,151
11,Israel,18873,1992,324
11,Israel,18873,1993,382
11,Israel,18873,1994,296
11,Israel,18873,1995,166
11,Israel,18873,1996,282
11,Israel,18873,1997,246
11,Israel,18873,1998,230
11,Israel,18873,1999,166
11,Israel,18873,2000,402
11,Israel,18873,2001,471
11,Israel,18873,2002,575
11,Israel,18873,2003,406
11,Israel,18873,2004,606
11,Israel,18873,2005,509
11,Israel,18873,2006,406
11,Israel,18873,2007,552
11,Israel,18873,2008,375
11,Israel,18873,2009,746
11,Israel,18873,2010,640
11,Israel,18873,2011,545
11,Israel,18873,2012,458
11,Israel,18873,2013,419
11,Israel,18873,2014,396
11,Israel,18873,2015,789
11,Israel,18873,2016,1463
11,Israel,18873,2017,1268
11,Israel,18873,2018,704
11,Israel,18873,2019,349
11,Israel,18873,2020,400
11,Israel,18873,2021,606
12,Switzerland,18102,1959,50
12,Switzerland,18102,1960,442
12,Switzerland,18102,1961,500
12,Switzerland,18102,1962,530
12,Switzerland,18102,1963,337
12,Switzerland,18102,1964,379
12,Switzerland,18102,1965,484
12,Switzerland,18102,1966,367
12,Switzerland,18102,1967,261
12,Switzerland,18102,1968,91
12,Switzerland,18102,1969,104
12,Switzerland,18102,1970,18
12,Switzerland,18102,1971,42
12,Switzerland,18102,1972,34
12,Switzerland,18102,1973,54
12,Switzerland,18102,1974,89
12,Switzerland,18102,1975,395
12,Switzerland,18102,1976,480
12,Switzerland,18102,1977,260
12,Switzerland,18102,1978,196
12,Switzerland,18102,1979,454
12,Switzerland,18102,1980,531
12,Switzerland,18102,1981,552
12,Switzerland,18102,1982,409
12,Switzerland,18102,1983,331
12,Switzerland,18102,1984,528
12,Switzerland,18102,1985,346
12,Switzerland,18102,1986,345
12,Switzerland,18102,1987,311
12,Switzerland,18102,1988,370
12,Switzerland,18102,1989,318
12,Switzerland,18102,1990,467
12,Switzerland,18102,1991,496
12,Switzerland,18102,1992,451
12,Switzerland,18102,1993,234
12,Switzerland,18102,1994,176
12,Switzerland,18102,1995,146
12,Switzerland,18102,1996,196
12,Switzerland,18102,1997,125
12,Switzerland,18102,1998,214
12,Switzerland,18102,1999,283
12,Switzerland,18102,2000,188
12,Switzerland,18102,2001,222
12,Switzerland,18102,2002,178
12,Switzerland,18102,2003,199
12,Switzerland,18102,2004,272
12,Switzerland,18102,2005,267
12,Switzerland,18102,2006,311
12,Switzerland,18102,2007,318
12,Switzerland,18102,2008,473
12,Switzerland,18102,2009,242
12,Switzerland,18102,2010,264
12,Switzerland,18102,2011,340
12,Switzerland,18102,2012,242
12,Switzerland,18102,2013,194
12,Switzerland,18102,2014,343
12,Switzerland,18102,2015,479
12,Switzerland,18102,2016,215
12,Switzerland,18102,2017,173
12,Switzerland,18102,2018,240
12,Switzerland,18102,2019,216
12,Switzerland,18102,2020,182
12,Switzerland,18102,2021,147
13,Sweden,15860,1950,27
13,Sweden,15860,1951,46
13,Sweden,15860,1952,64
13,Sweden,15860,1953,165
13,Sweden,15860,1954,21
13,Sweden,15860,1955,105
13,Sweden,15860,1956,96
13,Sweden,15860,1957,111
13,Sweden,15860,1958,280
13,Sweden,15860,1959,15
13,Sweden,15860,1960,38
13,Sweden,15860,1961,45
13,Sweden,15860,1962,44
13,Sweden,15860,1963,13
13,Sweden,15860,1964,22
13,Sweden,15860,1965,32
13,Sweden,15860,1966,56
13,Sweden,15860,1967,55
13,Sweden,15860,1968,60
13,Sweden,15860,1969,36
13,Sweden,15860,1970,251
13,Sweden,15860,1971,530
13,Sweden,15860,1972,123
13,Sweden,15860,1973,15
13,Sweden,15860,1974,75
13,Sweden,15860,1975,123
13,Sweden,15860,1976,70
13,Sweden,15860,1977,54
13,Sweden,15860,1978,55
13,Sweden,15860,1979,263
13,Sweden,15860,1980,158
13,Sweden,15860,1981,130
13,Sweden,15860,1982,125
13,Sweden,15860,1983,117
13,Sweden,15860,1984,224
13,Sweden,15860,1985,214
13,Sweden,15860,1986,322
13,Sweden,15860,1987,233
13,Sweden,15860,1988,515
13,Sweden,15860,1989,403
13,Sweden,15860,1990,231
13,Sweden,15860,1991,156
13,Sweden,15860,1992,149
13,Sweden,15860,1993,103
13,Sweden,15860,1994,111
13,Sweden,15860,1995,196
13,Sweden,15860,1996,347
13,Sweden,15860,1997,102
13,Sweden,15860,1998,336
13,Sweden,15860,1999,386
13,Sweden,15860,2000,359
13,Sweden,15860,2001,895
13,Sweden,15860,2002,163
13,Sweden,15860,2003,515
13,Sweden,15860,2004,294
13,Sweden,15860,2005,531
13,Sweden,15860,2006,388
13,Sweden,15860,2007,333
13,Sweden,15860,2008,455
13,Sweden,15860,2009,409
13,Sweden,15860,2010,660
13,Sweden,15860,2011,696
13,Sweden,15860,2012,477
13,Sweden,15860,2013,386
13,Sweden,15860,2014,339
13,Sweden,15860,2015,179
13,Sweden,15860,2016,265
13,Sweden,15860,2017,80
13,Sweden,15860,2018,155
13,Sweden,15860,2019,215
13,Sweden,15860,2020,286
13,Sweden,15860,2021,332
14,Spain,15220,1960,1
14,Spain,15220,1961,5
14,Spain,15220,1962,6
14,Spain,15220,1963,6
14,Spain,15220,1964,7
14,Spain,15220,1965,21
14,Spain,15220,1966,21
14,Spain,15220,1967,7
14,Spain,15220,1968,7
14,Spain,15220,1969,6
14,Spain,15220,1970,70
14,Spain,15220,1971,140
14,Spain,15220,1972,4
14,Spain,15220,1973,4
14,Spain,15220,1974,84
14,Spain,15220,1975,267
14,Spain,15220,1976,46
14,Spain,15220,1977,25
14,Spain,15220,1978,38
14,Spain,15220,1979,18
14,Spain,15220,1980,10
14,Spain,15220,1981,130
14,Spain,15220,1982,251
14,Spain,15220,1983,352
14,Spain,15220,1984,242
14,Spain,15220,1985,85
14,Spain,15220,1986,183
14,Spain,15220,1987,153
14,Spain,15220,1988,142
14,Spain,15220,1989,176
14,Spain,15220,1990,115
14,Spain,15220,1991,104
14,Spain,15220,1992,69
14,Spain,15220,1993,103
14,Spain,15220,1994,248
14,Spain,15220,1995,87
14,Spain,15220,1996,111
14,Spain,15220,1997,632
14,Spain,15220,1998,171
14,Spain,15220,1999,45
14,Spain,15220,2000,47
14,Spain,15220,2001,8
14,Spain,15220,2002,18
14,Spain,15220,2003,96
14,Spain,15220,2004,52
14,Spain,15220,2005,109
14,Spain,15220,2006,871
14,Spain,15220,2007,601
14,Spain,15220,2008,601
14,Spain,15220,2009,950
14,Spain,15220,2010,262
14,Spain,15220,2011,938
14,Spain,15220,2012,251
14,Spain,15220,2013,439
14,Spain,15220,2014,953
14,Spain,15220,2015,966
14,Spain,15220,2016,471
14,Spain,15220,2017,817
14,Spain,15220,2018,704
14,Spain,15220,2019,303
14,Spain,15220,2020,962
14,Spain,15220,2021,612
15,Canada,13015,1950,38
15,Canada,13015,1951,55
15,Canada,13015,1952,268
15,Canada,13015,1953,76
15,Canada,13015,1954,210
15,Canada,13015,1955,190
15,Canada,13015,1956,294
15,Canada,13015,1957,336
15,Canada,13015,1958,544
15,Canada,13015,1959,119
15,Canada,13015,1960,67
15,Canada,13015,1961,300
15,Canada,13015,1962,188
15,Canada,13015,1963,213
15,Canada,13015,1964,253
15,Canada,13015,1965,111
15,Canada,13015,1966,92
15,Canada,13015,1967,58
15,Canada,13015,1968,193
15,Canada,13015,1969,163
15,Canada,13015,1970,194
15,Canada,13015,1971,291
15,Canada,13015,1972,324
15,Canada,13015,1973,125
15,Canada,13015,1974,119
15,Canada,13015,1975,129
15,Canada,13015,1976,309
15,Canada,13015,1977,160
15,Canada,13015,1978,187
15,Canada,13015,1979,186
15,Canada,13015,1980,153
15,Canada,13015,1981,124
15,Canada,13015,1982,253
15,Canada,13015,1983,112
15,Canada,13015,1984,96
15,Canada,13015,1985,94
15,Canada,13015,1986,251
15,Canada,13015,1987,265
15,Canada,13015,1988,142
15,Canada,13015,1989,43
15,Canada,13015,1990,92
15,Canada,13015,1991,110
15,Canada,13015,1992,140
15,Canada,13015,1993,145
15,Canada,13015,1994,165
15,Canada,13015,1995,259
15,Canada,13015,1996,155
15,Canada,13015,1997,93
15,Canada,13015,1998,38
15,Canada,13015,1999,77
15,Canada,13015,2000,71
15,Canada,13015,2001,121
15,Canada,13015,2002,175
15,Canada,13015,2003,278
15,Canada,13015,2004,277
15,Canada,13015,2005,235
15,Canada,13015,2006,235
15,Canada,13015,2007,332
15,Canada,13015,2008,236
15,Canada,13015,2009,183
15,Canada,13015,2010,237
15,Canada,13015,2011,317
15,Canada,13015,2012,266
15,Canada,13015,2013,183
15,Canada,13015,2014,189
15,Canada,13015,2015,337
15,Canada,13015,2016,110
15,Canada,13015,2017,70
15,Canada,13015,2018,115
15,Canada,13015,2019,223
15,Canada,13015,2020,109
15,Canada,13015,2021,119
16,Ukraine,12383,1992,165
16,Ukraine,12383,1993,82
16,Ukraine,12383,1994,236
16,Ukraine,12383,1995,167
16,Ukraine,12383,1996,236
16,Ukraine,12383,1997,558
16,Ukraine,12383,1998,708
16,Ukraine,12383,1999,732
16,Ukraine,12383,2000,270
16,Ukraine,12383,2001,512
16,Ukraine,12383,2002,310
16,Ukraine,12383,2003,308
16,Ukraine,12383,2004,200
16,Ukraine,12383,2005,293
16,Ukraine,12383,2006,533
16,Ukraine,12383,2007,636
16,Ukraine,12383,2008,396
16,Ukraine,12383,2009,438
16,Ukraine,12383,2010,507
16,Ukraine,12383,2011,558
16,Ukraine,12383,2012,1472
16,Ukraine,12383,2013,670
16,Ukraine,12383,2014,633
16,Ukraine,12383,2015,306
16,Ukraine,12383,2016,458
16,Ukraine,12383,2017,376
16,Ukraine,12383,2018,259
16,Ukraine,12383,2019,162
16,Ukraine,12383,2020,116
16,Ukraine,12383,2021,86
17,Poland,8380,1960,5
17,Poland,8380,1961,5
17,Poland,8380,1962,12
17,Poland,8380,1963,111
17,Poland,8380,1964,237
17,Poland,8380,1965,234
17,Poland,8380,1966,319
17,Poland,8380,1967,309
17,Poland,8380,1968,288
17,Poland,8380,1969,323
17,Poland,8380,1970,268
17,Poland,8380,1971,274
17,Poland,8380,1972,272
17,Poland,8380,1973,158
17,Poland,8380,1974,232
17,Poland,8380,1975,299
17,Poland,8380,1976,407
17,Poland,8380,1977,382
17,Poland,8380,1978,317
17,Poland,8380,1979,229
17,Poland,8380,1980,207
17,Poland,8380,1981,346
17,Poland,8380,1982,211
17,Poland,8380,1983,115
17,Poland,8380,1984,90
17,Poland,8380,1985,130
17,Poland,8380,1986,265
17,Poland,8380,1987,222
17,Poland,8380,1988,232
17,Poland,8380,1989,20
17,Poland,8380,1990,105
17,Poland,8380,1991,55
17,Poland,8380,1992,56
17,Poland,8380,1994,131
17,Poland,8380,1995,175
17,Poland,8380,1996,46
17,Poland,8380,1997,21
17,Poland,8380,1998,1
17,Poland,8380,1999,64
17,Poland,8380,2000,47
17,Poland,8380,2001,81
17,Poland,8380,2002,56
17,Poland,8380,2003,81
17,Poland,8380,2004,47
17,Poland,8380,2005,18
17,Poland,8380,2006,282
17,Poland,8380,2007,163
17,Poland,8380,2008,73
17,Poland,8380,2009,75
17,Poland,8380,2010,28
17,Poland,8380,2011,8
17,Poland,8380,2012,27
17,Poland,8380,2013,142
17,Poland,8380,2014,24
17,Poland,8380,2015,2
17,Poland,8380,2016,5
17,Poland,8380,2017,10
17,Poland,8380,2018,24
17,Poland,8380,2019,9
17,Poland,8380,2020,0
17,Poland,8380,2021,3
18,South Korea,8289,1972,141
18,South Korea,8289,1979,105
18,South Korea,8289,1980,105
18,South Korea,8289,1981,130
18,South Korea,8289,1982,65
18,South Korea,8289,1984,126
18,South Korea,8289,1985,28
18,South Korea,8289,1986,73
18,South Korea,8289,1988,51
18,South Korea,8289,1989,48
18,South Korea,8289,1990,72
18,South Korea,8289,1991,118
18,South Korea,8289,1993,60
18,South Korea,8289,1994,7
18,South Korea,8289,1995,28
18,South Korea,8289,1996,24
18,South Korea,8289,1997,21
18,South Korea,8289,1998,32
18,South Korea,8289,2000,10
18,South Korea,8289,2001,228
18,South Korea,8289,2003,98
18,South Korea,8289,2004,73
18,South Korea,8289,2005,108
18,South Korea,8289,2006,158
18,South Korea,8289,2007,280
18,South Korea,8289,2008,109
18,South Korea,8289,2009,224
18,South Korea,8289,2010,198
18,South Korea,8289,2011,350
18,South Korea,8289,2012,224
18,South Korea,8289,2013,371
18,South Korea,8289,2014,220
18,South Korea,8289,2015,94
18,South Korea,8289,2016,477
18,South Korea,8289,2017,742
18,South Korea,8289,2018,1056
18,South Korea,8289,2019,694
18,South Korea,8289,2020,778
18,South Korea,8289,2021,566
19,Norway,4477,1950,1
19,Norway,4477,1951,30
19,Norway,4477,1953,8
19,Norway,4477,1959,8
19,Norway,4477,1960,38
19,Norway,4477,1962,25
19,Norway,4477,1963,55
19,Norway,4477,1964,67
19,Norway,4477,1965,65
19,Norway,4477,1966,80
19,Norway,4477,1967,140
19,Norway,4477,1968,65
19,Norway,4477,1969,53
19,Norway,4477,1971,4
19,Norway,4477,1972,31
19,Norway,4477,1973,10
19,Norway,4477,1975,8
19,Norway,4477,1976,8
19,Norway,4477,1977,8
19,Norway,4477,1978,93
19,Norway,4477,1979,161
19,Norway,4477,1980,158
19,Norway,4477,1981,278
19,Norway,4477,1982,68
19,Norway,4477,1983,35
19,Norway,4477,1985,42
19,Norway,4477,1986,29
19,Norway,4477,1987,54
19,Norway,4477,1988,34
19,Norway,4477,1989,127
19,Norway,4477,1990,85
19,Norway,4477,1991,170
19,Norway,4477,1992,82
19,Norway,4477,1993,51
19,Norway,4477,1994,64
19,Norway,4477,1995,21
19,Norway,4477,1996,4
19,Norway,4477,1997,19
19,Norway,4477,1998,3
19,Norway,4477,1999,5
19,Norway,4477,2000,3
19,Norway,4477,2001,42
19,Norway,4477,2002,92
19,Norway,4477,2003,101
19,Norway,4477,2004,66
19,Norway,4477,2005,6
19,Norway,4477,2006,17
19,Norway,4477,2007,68
19,Norway,4477,2008,118
19,Norway,4477,2009,151
19,Norway,4477,2010,159
19,Norway,4477,2011,151
19,Norway,4477,2012,170
19,Norway,4477,2013,173
19,Norway,4477,2014,163
19,Norway,4477,2015,217
19,Norway,4477,2016,129
19,Norway,4477,2017,146
19,Norway,4477,2018,59
19,Norway,4477,2019,31
19,Norway,4477,2020,72
19,Norway,4477,2021,58
20,Brazil,3912,1960,2
20,Brazil,3912,1961,12
20,Brazil,3912,1969,18
20,Brazil,3912,1971,0
20,Brazil,3912,1974,32
20,Brazil,3912,1975,58
20,Brazil,3912,1976,103
20,Brazil,3912,1977,144
20,Brazil,3912,1978,180
20,Brazil,3912,1979,71
20,Brazil,3912,1980,156
20,Brazil,3912,1981,64
20,Brazil,3912,1982,117
20,Brazil,3912,1983,196
20,Brazil,3912,1984,269
20,Brazil,3912,1985,206
20,Brazil,3912,1986,138
20,Brazil,3912,1987,215
20,Brazil,3912,1988,204
20,Brazil,3912,1989,53
20,Brazil,3912,1990,106
20,Brazil,3912,1991,127
20,Brazil,3912,1992,98
20,Brazil,3912,1993,40
20,Brazil,3912,1994,54
20,Brazil,3912,1995,38
20,Brazil,3912,1996,27
20,Brazil,3912,1997,27
20,Brazil,3912,1998,18
20,Brazil,3912,2002,19
20,Brazil,3912,2004,46
20,Brazil,3912,2005,1
20,Brazil,3912,2006,44
20,Brazil,3912,2007,53
20,Brazil,3912,2008,92
20,Brazil,3912,2009,43
20,Brazil,3912,2010,143
20,Brazil,3912,2011,31
20,Brazil,3912,2012,33
20,Brazil,3912,2013,31
20,Brazil,3912,2014,31
20,Brazil,3912,2015,52
20,Brazil,3912,2016,122
20,Brazil,3912,2017,37
20,Brazil,3912,2018,100
20,Brazil,3912,2019,10
20,Brazil,3912,2020,162
20,Brazil,3912,2021,88
21,Australia,3395,1952,36
21,Australia,3395,1955,125
21,Australia,3395,1961,2
21,Australia,3395,1962,4
21,Australia,3395,1969,26
21,Australia,3395,1970,17
21,Australia,3395,1971,36
21,Australia,3395,1972,6
21,Australia,3395,1973,72
21,Australia,3395,1974,92
21,Australia,3395,1975,131
21,Australia,3395,1976,113
21,Australia,3395,1977,62
21,Australia,3395,1978,21
21,Australia,3395,1979,22
21,Australia,3395,1980,15
21,Australia,3395,1981,15
21,Australia,3395,1982,24
21,Australia,3395,1983,31
21,Australia,3395,1984,62
21,Australia,3395,1985,10
21,Australia,3395,1986,57
21,Australia,3395,1987,89
21,Australia,3395,1988,18
21,Australia,3395,1989,18
21,Australia,3395,1990,168
21,Australia,3395,1991,90
21,Australia,3395,1993,30
21,Australia,3395,1994,36
21,Australia,3395,1995,36
21,Australia,3395,1996,16
21,Australia,3395,1997,20
21,Australia,3395,1998,4
21,Australia,3395,2001,43
21,Australia,3395,2002,47
21,Australia,3395,2003,44
21,Australia,3395,2004,2
21,Australia,3395,2005,49
21,Australia,3395,2006,23
21,Australia,3395,2007,52
21,Australia,3395,2008,51
21,Australia,3395,2009,80
21,Australia,3395,2010,115
21,Australia,3395,2011,143
21,Australia,3395,2012,45
21,Australia,3395,2013,54
21,Australia,3395,2014,97
21,Australia,3395,2015,87
21,Australia,3395,2016,134
21,Australia,3395,2017,98
21,Australia,3395,2018,38
21,Australia,3395,2019,104
21,Australia,3395,2020,413
21,Australia,3395,2021,173
22,Belarus,3365,1993,8
22,Belarus,3365,1995,7
22,Belarus,3365,1996,129
22,Belarus,3365,1997,398
22,Belarus,3365,1998,63
22,Belarus,3365,1999,452
22,Belarus,3365,2000,293
22,Belarus,3365,2001,49
22,Belarus,3365,2002,63
22,Belarus,3365,2003,57
22,Belarus,3365,2004,19
22,Belarus,3365,2005,53
22,Belarus,3365,2006,43
22,Belarus,3365,2007,6
22,Belarus,3365,2008,224
22,Belarus,3365,2009,41
22,Belarus,3365,2010,159
22,Belarus,3365,2011,96
22,Belarus,3365,2012,97
22,Belarus,3365,2013,269
22,Belarus,3365,2014,101
22,Belarus,3365,2015,142
22,Belarus,3365,2016,152
22,Belarus,3365,2017,50
22,Belarus,3365,2018,79
22,Belarus,3365,2019,159
22,Belarus,3365,2020,59
22,Belarus,3365,2021,98
23,Turkey,2922,1956,0
23,Turkey,2922,1980,23
23,Turkey,2922,1981,11
23,Turkey,2922,1995,3
23,Turkey,2922,1996,3
23,Turkey,2922,1997,0
23,Turkey,2922,1998,3
23,Turkey,2922,1999,43
23,Turkey,2922,2000,19
23,Turkey,2922,2001,5
23,Turkey,2922,2002,26
23,Turkey,2922,2003,42
23,Turkey,2922,2004,28
23,Turkey,2922,2005,23
23,Turkey,2922,2006,82
23,Turkey,2922,2007,66
23,Turkey,2922,2008,112
23,Turkey,2922,2009,65
23,Turkey,2922,2010,72
23,Turkey,2922,2011,86
23,Turkey,2922,2012,143
23,Turkey,2922,2013,156
23,Turkey,2922,2014,168
23,Turkey,2922,2015,252
23,Turkey,2922,2016,237
23,Turkey,2922,2017,169
23,Turkey,2922,2018,231
23,Turkey,2922,2019,239
23,Turkey,2922,2020,233
23,Turkey,2922,2021,380
24,South Africa,2676,1959,8
24,South Africa,2676,1960,27
24,South Africa,2676,1961,33
24,South Africa,2676,1967,4
24,South Africa,2676,1969,14
24,South Africa,2676,1970,2
24,South Africa,2676,1971,4
24,South Africa,2676,1972,12
24,South Africa,2676,1973,1
24,South Africa,2676,1974,2
24,South Africa,2676,1975,18
24,South Africa,2676,1976,16
24,South Africa,2676,1977,0
24,South Africa,2676,1980,39
24,South Africa,2676,1981,39
24,South Africa,2676,1982,1
24,South Africa,2676,1985,25
24,South Africa,2676,1986,25
24,South Africa,2676,1987,28
24,South Africa,2676,1988,25
24,South Africa,2676,1989,0
24,South Africa,2676,1991,54
24,South Africa,2676,1992,75
24,South Africa,2676,1993,54
24,South Africa,2676,1994,11
24,South Africa,2676,1995,17
24,South Africa,2676,1996,31
24,South Africa,2676,1997,7
24,South Africa,2676,1998,22
24,South Africa,2676,1999,28
24,South Africa,2676,2000,20
24,South Africa,2676,2001,37
24,South Africa,2676,2002,22
24,South Africa,2676,2003,47
24,South Africa,2676,2004,72
24,South Africa,2676,2005,35
24,South Africa,2676,2006,192
24,South Africa,2676,2007,137
24,South Africa,2676,2008,141
24,South Africa,2676,2009,103
24,South Africa,2676,2010,236
24,South Africa,2676,2011,72
24,South Africa,2676,2012,179
24,South Africa,2676,2013,103
24,South Africa,2676,2014,61
24,South Africa,2676,2015,64
24,South Africa,2676,2016,78
24,South Africa,2676,2017,87
24,South Africa,2676,2018,85
24,South Africa,2676,2019,96
24,South Africa,2676,2020,106
24,South Africa,2676,2021,83
25,North Korea,2409,1974,8
25,North Korea,2409,1975,12
25,North Korea,2409,1979,20
25,North Korea,2409,1980,29
25,North Korea,2409,1981,5
25,North Korea,2409,1982,148
25,North Korea,2409,1983,250
25,North Korea,2409,1984,88
25,North Korea,2409,1985,57
25,North Korea,2409,1986,65
25,North Korea,2409,1987,212
25,North Korea,2409,1988,189
25,North Korea,2409,1989,66
25,North Korea,2409,1990,4
25,North Korea,2409,1991,113
25,North Korea,2409,1992,131
25,North Korea,2409,1993,137
25,North Korea,2409,1994,24
25,North Korea,2409,1995,41
25,North Korea,2409,1996,47
25,North Korea,2409,1997,47
25,North Korea,2409,1998,81
25,North Korea,2409,1999,55
25,North Korea,2409,2000,58
25,North Korea,2409,2001,73
25,North Korea,2409,2002,162
25,North Korea,2409,2003,134
25,North Korea,2409,2004,47
25,North Korea,2409,2005,20
25,North Korea,2409,2006,20
25,North Korea,2409,2007,20
25,North Korea,2409,2008,20
25,North Korea,2409,2009,26
25,North Korea,2409,2010,5
25,North Korea,2409,2014,1
